-3.97779,9.30107,0.00359,2518,0
-1.9464,8.0322,0.04549,3020,0
1.21141,10.13183,0.98158,3518,0
1.24134,12.06027,0.73619,4018,0
0.15442,9.48662,1.28084,4518,0
-0.01796,9.92593,1.44364,5019,0
0.71584,9.01737,1.28922,5518,0
1.00672,9.4507,1.44604,6019,0
0.21547,10.78781,0.84991,6519,0
0.19632,9.63864,0.26934,7018,0
-0.31842,9.64942,0.4453,7518,0
-0.40101,9.82059,0.30166,8019,0
-0.36869,9.68533,-0.03831,8519,0
-0.34834,9.80503,0.27293,9018,0
-0.32081,9.82299,0.33039,9517,0
-0.45368,9.70807,0.17597,10017,0
-0.55543,9.70568,0.29926,10519,0
-0.38784,9.7368,0.14245,11019,0
-0.3244,9.72722,0.14005,11518,0
-0.35911,9.79665,0.08858,12018,0
-0.26455,9.80623,-0.06943,12519,0
-0.5255,9.76074,0.09576,13017,0
-0.49917,9.6973,0.04549,13519,0
-0.47523,9.71406,-0.08379,14019,0
-0.47044,9.74638,-0.11851,14519,0
-0.42735,9.72603,-0.14365,15018,0
-0.40939,9.74997,-0.11851,15518,0
-0.46924,9.87087,-0.05985,16019,0
0.28609,9.70927,2.33664,16519,0
-4.14778,7.89215,1.94042,17018,0
-4.78939,8.73487,0.68591,17518,0
-1.00792,9.73082,2.87052,18019,0
2.40966,9.06286,0.78287,18519,0
1.19944,9.167,1.04143,19018,0
0.65598,9.81461,1.34189,19518,0
0.60571,9.58837,1.36942,20019,0
0.6907,9.63026,1.02228,20518,0
0.76372,9.6961,0.87504,21019,0
0.59374,9.738,0.94806,21519,0
0.67753,9.6949,0.893,22018,0
0.84033,9.63385,0.75534,22520,0
0.72302,9.70209,0.76252,23018,0
0.59733,9.64822,0.79963,23518,0
0.70506,9.72483,0.8104,24020,0
0.60092,9.76553,0.77329,24519,0
0.65598,9.6566,0.62366,25019,0
0.5698,9.62667,0.63922,25519,0
0.50994,9.68772,0.62965,26018,0
0.70027,9.8194,0.45248,26519,0
0.66077,9.71406,0.53269,27019,0
0.65239,9.73919,0.55902,27518,0
0.6093,9.70328,0.6105,28020,0
0.56381,9.69849,0.56381,28519,0
0.65239,9.69131,0.59852,29018,0
0.59493,9.71047,0.60571,29518,0
0.60212,9.63026,0.63922,30019,0
1.26289,9.75236,0.20589,30519,0
1.48913,11.20319,1.84346,31018,0
-1.44125,8.30872,3.03213,31519,0
-4.10588,8.70016,1.56694,32019,0
-4.84805,8.52778,1.48913,32519,0
0.55543,2.76518,3.2847,33018,0
0.14963,12.32841,0.22983,33519,0
0.56022,9.92833,1.06657,34019,0
0.53508,9.71645,1.46399,34519,0
0.94447,9.59674,1.08572,35018,0
1.10248,9.83855,0.82716,35518,0
1.07734,9.62428,0.90377,36019,0
1.03186,9.59794,0.90018,36519,0
1.12642,9.56323,0.90138,37019,0
1.14318,9.6542,0.87025,37519,0
0.99834,9.72363,0.7697,38018,0
0.98038,9.6542,0.83674,38519,0
0.99475,9.61231,0.79005,39018,0
1.1755,9.68652,0.66556,39517,0
0.99116,9.59435,0.81399,40019,0
1.04622,9.67216,0.79005,40519,0
1.01031,9.53929,0.77329,41018,0
0.99834,9.67216,0.63204,41519,0
0.89659,9.74997,0.63085,42017,0
0.86188,9.63146,0.6093,42518,0
0.83075,9.75715,0.62965,43019,0
0.75773,9.70687,0.5255,43519,0
0.90856,9.67695,0.53867,44018,0
0.95046,9.66737,0.58296,44518,0
0.91933,9.6554,0.58655,45018,0
0.92053,9.82059,0.50875,45519,0
0.81519,10.26111,0.90617,46017,0
0.61289,9.43754,2.84539,46518,0
-3.244,9.00421,1.28563,47018,0
-4.36684,8.59601,2.00985,47519,0
1.27366,8.64749,4.51886,48018,0
1.29401,10.9554,2.40368,48519,0
0.60451,9.33579,1.54419,49019,0
0.91814,9.63505,1.39815,49519,0
0.84033,9.51894,1.38259,50019,0
0.8918,9.66498,1.29162,50519,0
0.87744,9.61111,1.29042,51019,0
0.94447,9.58837,1.28443,51518,0
0.98996,9.70448,1.18149,52019,0
0.94926,9.58956,1.1755,52519,0
1.06897,9.63864,1.08931,53019,0
0.85828,9.62428,1.27486,53518,0
0.80681,9.61111,1.15635,54019,0
0.8906,9.64582,1.0965,54518,0
0.88103,9.60991,1.10607,55019,0
0.77329,9.61829,1.17431,55518,0
0.82357,9.62547,1.08931,56018,0
0.86068,9.65181,1.12403,56519,0
0.79723,9.62787,1.12882,57019,0
0.75893,9.66139,1.06059,57518,0
0.78526,9.61949,1.00911,58019,0
0.70506,9.61949,1.06896,58519,0
0.69788,9.67814,1.04862,59017,0
0.76252,9.64104,0.91814,59519,0
0.76731,9.68772,0.98757,60018,0
0.78167,9.69012,0.9337,60519,0
0.70506,9.6578,1.00911,61018,0
0.75414,9.64822,1.01749,61519,0
1.33112,13.43209,0.58536,62018,0
-4.4638,6.07862,1.91887,62518,0
-4.46739,8.60679,1.76804,63019,0
-4.20763,8.62115,1.87697,63519,0
-0.84033,9.03054,2.88489,64018,0
0.6476,9.42557,2.65386,64519,0
1.1372,9.9379,1.93443,65017,0
0.64521,9.39804,2.3522,65518,0
0.47882,9.59794,0.51114,66019,0
-0.01796,9.66378,0.48481,66519,0
0.14005,9.75835,0.63324,67018,0
0.12689,9.70328,0.59852,67518,0
0.1604,9.66019,0.63922,68019,0
0.2035,9.73919,0.61289,68518,0
0.24659,9.73321,0.61409,69018,0
0.26934,9.74518,0.66197,69519,0
0.31482,9.7392,0.73259,70018,0
0.32799,9.75236,0.62845,70519,0
0.23702,9.76313,0.69309,71019,0
0.18195,9.69969,0.70387,71518,0
0.11372,9.70209,0.66676,72018,0
0.17357,9.71406,0.62965,72519,0
0.14843,9.7368,0.74097,73019,0
0.13287,9.69849,0.6895,73518,0
0.1616,9.90558,0.69788,74019,0
-0.01796,10.05282,1.91049,74519,0
-2.27679,8.99822,1.41611,75019,0
-2.46113,7.78441,1.89972,75518,0
0.62845,9.32262,1.35506,76018,0
0.71584,10.11148,2.08287,76518,0
0.4046,9.78588,1.32992,77017,0
0.58416,9.72483,1.48793,77519,0
0.71943,9.74278,1.04383,78019,0
0.73379,9.72004,0.87385,78518,0
0.54825,10.20365,-0.14365,79018,0
0.5662,9.98698,0.28131,79518,0
0.62725,10.13302,-0.02993,80019,0
0.66795,9.6554,-0.10773,80518,0
0.63324,9.68054,-0.7302,81019,0
0.4465,9.80503,-0.59015,81519,0
0.37348,9.93072,-0.46206,82018,0
0.76611,12.24222,-0.3651,82518,0
-0.92293,6.2079,-0.17836,83018,0
-3.76472,8.82704,-0.59015,83518,0
-1.30119,8.64389,-0.36869,84019,0
2.5162,10.98293,-0.24899,84518,0
0.42136,9.72962,-0.37827,85018,0
0.57698,9.74877,0.25617,85518,0
0.45967,9.72363,0.13527,86020,0
-0.13886,9.95706,-0.14245,86520,0
-0.30405,9.80743,0.27173,87018,0
-0.1628,9.71525,-0.18554,87518,0
-0.23702,9.82418,-0.08978,88019,0
-0.26215,9.80384,-0.24899,88518,0
-0.2418,9.71166,-0.15083,89019,0
-0.29328,9.76194,-0.15203,89519,0
-0.39503,9.77032,-0.04429,90018,0
-0.41298,9.69131,-0.00958,90518,0
-0.53149,9.63984,-0.04429,91018,0
-0.78886,9.92713,0.03352,91519,0
-0.90856,9.66737,0.06703,92018,0
-0.78287,9.73919,0.17238,92518,0
-0.84033,9.495,0.41897,93020,0
-0.96123,9.74997,0.30046,93519,0
-0.64401,9.76792,0.29328,94018,0
0.65838,10.96378,0.57698,94518,0
-3.05607,8.74085,-1.43047,95020,0
-4.49372,9.03772,-0.84751,95519,0
-2.05414,8.48828,0.41657,96019,0
-0.49199,8.62354,0.45967,96518,0
-0.95644,9.48422,-0.01077,97019,0
-0.43453,9.52253,0.27772,97518,0
-0.65479,9.73441,0.44051,98018,0
-0.62127,9.66378,0.10773,98519,0
-0.40819,9.68054,0.10773,99018,0
-0.53388,9.58717,-0.00718,99519,0
-0.62247,9.68772,0.0814,100018,0
-0.35074,9.68174,0.09816,100518,0
-0.407,9.76433,0.08858,101018,0
-0.25976,9.76074,-0.01077,101519,0
-0.84991,9.85052,0.31722,102018,0
-0.57458,9.72004,0.15083,102518,0
-0.63683,9.59435,-0.09576,103019,0
-1.20663,10.05522,0.17477,103519,0
-0.80442,9.63984,0.54466,104018,0
-0.67035,9.59914,0.46086,104518,0
-0.45847,9.80264,0.91095,105018,0
0.26335,10.90512,1.67707,105519,0
-5.05753,8.35301,0.78886,106018,0
-4.44105,8.68459,0.94567,106519,0
-3.62586,8.67262,0.54585,107018,0
-0.0407,9.22925,1.65313,107518,0
0.20589,9.40641,1.4604,108018,0
-0.68232,9.96304,1.55616,108518,0
-1.34189,9.88284,1.86979,109018,0
-1.01989,9.56323,1.59088,109518,0
-1.0534,9.63505,1.28803,110019,0
-0.83554,9.66139,1.08213,110518,0
-0.972,9.64104,1.18149,111018,0
-0.99595,9.62428,1.23296,111519,0
-0.94208,9.66139,1.00911,112019,0
-0.96602,9.6542,1.11326,112519,0
-0.94926,9.59196,1.08692,113017,0
-0.89659,9.65301,1.05819,113518,0
-0.90377,9.64463,1.03425,114019,0
-0.88462,9.66857,1.01989,114519,0
-0.94447,9.66139,1.01989,115018,0
-0.95285,9.64702,1.02467,115519,0
-1.01031,9.738,0.90976,116019,0
-0.11851,8.62594,1.61003,116518,0
-3.63065,8.54933,0.73259,117018,0
-4.52006,8.681,0.35193,117519,0
-1.81592,7.55937,1.63756,118018,0
0.89975,9.82307,1.56717,118518,0
0.46195,10.38274,1.42845,119018,0
-0.43559,9.84949,1.18341,119518,0
-0.39405,9.51057,1.11652,120019,0
-0.16901,9.73179,1.23047,120519,0
-0.30522,9.52595,1.41276,121019,0
-0.78377,9.76553,1.14169,121519,0
-0.79579,9.70869,1.1315,122019,0
-0.9729,9.60506,1.11939,122518,0
-0.86585,9.68391,1.03969,123018,0
-0.84253,9.64463,0.97926,123518,0
-0.83981,9.64998,1.02068,124019,0
-0.87408,9.65095,1.09461,124518,0
-0.87354,9.65674,0.99878,125018,0
-0.79626,9.69694,0.89672,125518,0
-0.95073,9.67387,0.98731,126019,0
-0.90305,9.6815,0.95466,126517,0
-0.87273,9.68012,0.98789,127019,0
-0.87614,9.66722,0.9519,127519,0
-1.13768,9.53025,1.15037,128018,0
-0.61742,9.59059,1.02687,128518,0
-0.97424,9.73078,0.88067,129020,0
-0.8941,9.62816,0.88473,129519,0
-0.90438,9.69382,0.88873,130018,0
-0.66597,9.9498,1.75331,130517,0
-0.6637,7.50422,2.005,131019,0
-4.20988,8.61525,1.66677,131518,0
-4.4721,8.61031,2.16867,132018,0
-0.08841,9.33544,3.18321,132518,0
0.10895,7.54373,3.41861,133020,0
2.16416,10.09111,1.23592,133518,0
0.20953,8.89636,2.07186,134019,0
-0.09778,9.47396,1.65932,134519,0
-0.81636,9.56428,1.70019,135019,0
-0.67892,9.60007,1.61252,135519,0
-0.71522,9.59932,1.62622,136019,0
-0.63105,9.53943,1.68197,136518,0
-0.83141,9.60291,1.70515,137019,0
-0.76246,9.58668,1.70711,137519,0
-0.74865,9.55326,1.75209,138019,0
-0.83403,9.57382,1.72151,138518,0
-0.85383,9.58559,1.70829,139018,0
-0.77902,9.57003,1.69184,139519,0
-0.7691,9.56738,1.67727,140019,0
-0.80749,9.56404,1.69053,140518,0
-0.78043,9.60055,1.62663,141018,0
-0.80304,9.60021,1.59047,141518,0
-0.7496,9.57454,1.63359,142019,0
-0.73835,9.5819,1.58177,142518,0
-0.7386,9.61723,1.5435,143018,0
-0.73597,9.60857,1.50971,143518,0
-0.73094,9.61863,1.54528,144018,0
-0.71256,9.61019,1.53729,144520,0
-0.72025,9.67556,1.51563,145019,0
0.52645,10.75047,2.15919,145518,0
-4.96261,8.27466,1.61515,146018,0
-4.82713,8.50857,0.85592,146518,0
-0.94178,8.23387,2.22548,147020,0
3.09384,9.72272,2.56394,147519,0
0.21093,9.92919,2.49656,148018,0
-1.19302,9.43906,1.95953,148518,0
-0.72626,9.52967,2.22325,149019,0
-1.03512,9.49097,2.03143,149519,0
-1.0033,9.51795,1.83059,150018,0
-1.004,9.53586,1.79553,150518,0
-0.98267,9.57325,1.66588,151018,0
-0.9751,9.55375,1.6564,151519,0
-1.03699,9.61308,1.59174,152019,0
-0.99091,9.55114,1.60605,152518,0
-1.08103,9.55897,1.61659,153018,0
-1.00363,9.57143,1.5749,153519,0
-0.95508,9.56728,1.57005,154019,0
-0.98649,9.56758,1.5846,154518,0
-0.97525,9.58765,1.53268,155018,0
-1.01433,9.55313,1.62382,155518,0
-0.9878,9.59349,1.54885,156019,0
-1.03173,9.55997,1.57764,156518,0
-0.99204,9.57819,1.52159,157020,0
-1.01965,9.57256,1.48783,157519,0
-1.03323,9.57931,1.50862,158018,0
-1.00971,9.57816,1.46663,158518,0
-1.0186,9.57706,1.50646,159019,0
-1.04194,9.57861,1.5191,159519,0
-1.03045,9.59485,1.50352,160019,0
-0.99061,9.60835,1.49547,160519,0
-1.02421,9.62469,1.4309,161019,0
-1.08191,11.7015,2.13755,161519,0
-3.07465,7.14263,1.31343,162019,0
-4.64278,8.09705,1.69676,162518,0
-3.7002,8.55699,1.9192,163018,0
-0.38146,9.84733,2.72683,163518,0
0.90343,9.5059,1.24405,164019,0
-0.74374,9.49658,2.86238,164520,0
-0.82187,9.42052,2.4726,165018,0
-0.85775,9.49919,2.03381,165517,0
-0.89932,9.45392,2.07023,166019,0
-1.04243,9.47731,2.10602,166518,0
-1.12238,9.51438,1.99454,167019,0
-1.0865,9.52567,1.96117,167518,0
-1.05407,9.49503,1.88853,168019,0
-1.13095,9.49923,1.95415,168518,0
-1.13788,9.4752,1.93946,169017,0
-1.18086,9.48234,1.90762,169517,0
-1.16327,9.49984,1.86648,170018,0
-1.13153,9.50545,1.8402,170519,0
-1.14579,9.49509,1.87715,171018,0
-1.10648,9.51099,1.87335,171518,0
-1.13462,9.52211,1.87693,172019,0
-0.66848,10.50752,1.57391,172519,0
-1.00096,8.96399,0.11784,173018,0
-4.44834,8.48966,1.19671,173519,0
-4.60563,8.6366,0.51424,174020,0
-0.10138,9.42641,1.37576,174518,0
1.32043,10.66048,1.40944,175019,0
-1.35975,9.75626,1.17751,175519,0
-1.82326,9.58397,0.95494,176019,0
-1.38112,9.68128,0.54118,176519,0
-1.47878,9.67115,0.59804,177019,0
-1.81566,9.58577,0.60727,177519,0
-1.48817,9.62315,0.71794,178019,0
-1.37566,9.65618,0.55236,178519,0
-1.43607,9.6259,0.60959,179018,0
-1.43873,9.65088,0.59087,179519,0
-1.28648,9.65102,0.53375,180018,0
-1.25561,9.63545,0.50212,180518,0
-1.29698,9.68511,0.51416,181018,0
-1.25261,9.66038,0.52377,181520,0
-1.29318,9.63277,0.59943,182018,0
-1.24261,9.64805,0.56079,182519,0
-1.20733,9.6862,0.50788,183018,0
-1.19687,9.6553,0.57337,183519,0
-1.1851,9.67153,0.52434,184018,0
-1.221,9.66639,0.54267,184517,0
-1.22371,9.62467,0.56313,185020,0
-1.18321,9.69037,0.52891,185519,0
-1.15988,9.68029,0.54379,186019,0
-0.82153,10.63376,0.34278,186518,0
0.19841,8.65785,1.51996,187019,0
-4.33654,8.08046,3.24041,187518,0
-4.69144,8.29276,2.60256,188019,0
-3.11695,7.63655,3.23502,188518,0
-0.76076,8.30235,3.26239,189018,0
-0.86198,11.67647,1.98732,189518,0
-1.20474,9.43265,1.74583,190018,0
-1.273,9.63088,1.56829,190519,0
-1.40368,9.47868,1.7944,191022,0
-1.40238,9.53484,1.50308,191517,0
-1.44315,9.52221,1.57967,192018,0
-1.53142,9.41542,1.60751,192518,0
-1.47775,9.52298,1.59705,193019,0
-1.55508,9.51717,1.58413,193519,0
-1.65389,9.47117,1.67161,194018,0
-1.54774,9.565,1.41664,194518,0
-1.48246,9.54449,1.3657,195019,0
-1.53346,9.55745,1.30709,195518,0
-1.528,9.5394,1.33165,196018,0
-1.50787,9.53913,1.32951,196518,0
-1.50366,9.55183,1.2891,197019,0
-1.43422,9.58186,1.1951,197518,0
-1.4963,9.59047,1.1969,198019,0
-1.52728,9.55424,1.18975,198518,0
-1.5049,9.57767,1.19129,199019,0
-1.52534,9.55684,1.16574,199519,0
-1.48164,9.58906,1.14235,200018,0
-1.60301,9.67093,1.23396,200519,0
0.44639,8.52457,2.28116,201019,0
-1.27151,7.23231,1.59196,201519,0
-4.3173,8.53585,2.51672,202018,0
-0.67081,9.10375,2.82882,202518,0
0.46298,10.02967,2.08167,203018,0
-1.2327,12.31922,1.29969,203519,0
-0.6783,9.6618,1.68011,204019,0
-0.01455,9.49729,2.20731,204518,0
-0.31149,9.75592,2.19084,205017,0
0.05203,8.20211,2.16144,205517,0
-2.00023,10.08103,1.37021,206019,0
-1.23151,9.53572,1.14879,206518,0
-1.28464,9.61595,1.26115,207018,0
-1.3533,9.61877,1.26424,207518,0
-1.50206,9.586,1.33727,208018,0
-1.56662,9.53038,1.23781,208518,0
-1.56868,9.5558,1.23091,209018,0
-1.5516,9.56338,1.2044,209519,0
-1.57881,9.54214,1.21377,210018,0
-1.55245,9.59659,1.2319,210518,0
-1.54385,9.55699,1.24278,211018,0
-1.51389,9.56223,1.2317,211519,0
-1.51019,9.53509,1.22703,212019,0
-1.5365,9.53192,1.22826,212519,0
-1.51239,9.54797,1.24563,213018,0
-1.53715,9.56499,1.2206,213518,0
-1.55284,9.57347,1.20864,214019,0
-1.51471,9.54339,1.22205,214518,0
-1.41696,9.62843,1.12614,215019,0
-1.43696,9.60115,1.24142,215518,0
-1.43923,9.59139,1.19577,216018,0
-1.21689,11.30376,1.43759,216518,0
0.07018,8.50724,0.84759,217019,0
-5.39218,7.93673,3.62838,217519,0
-4.7225,8.3801,2.27553,218018,0
-0.24153,8.13312,3.17777,218519,0
0.82928,9.18827,1.39976,219019,0
-1.01988,10.16625,1.04228,219519,0
-1.66371,9.49869,1.37393,220018,0
-1.76389,9.47932,1.45528,220518,0
-1.68358,9.53711,1.33655,221020,0
-1.71972,9.4911,1.38537,221519,0
-1.65378,9.48909,1.43576,222018,0
-1.616,9.52253,1.39985,222519,0
-1.68279,9.5239,1.48961,223019,0
-1.63936,9.50563,1.40368,223518,0
-1.60985,9.5106,1.43505,224017,0
-1.64481,9.52544,1.44549,224518,0
-1.63106,9.53443,1.41282,225018,0
-1.70966,9.4836,1.43532,225519,0
-1.61567,9.50528,1.40788,226019,0
-1.63636,9.52226,1.4665,226518,0
-1.64488,9.5116,1.44315,227018,0
-1.60086,9.49973,1.38372,227519,0
-1.65883,9.49819,1.49348,228019,0
-1.65759,9.50655,1.39915,228518,0
-1.63639,9.50813,1.44471,229019,0
-1.64455,9.51121,1.36548,229519,0
-1.62293,9.53664,1.38602,230018,0
-0.70757,11.79925,1.2386,230518,0
0.30728,9.17661,2.67538,231019,0
-4.59269,7.94788,2.05793,231519,0
-4.2881,8.41276,2.02135,232019,0
0.60851,9.98041,2.84654,232519,0
-0.51236,12.38172,2.2746,233019,0
-0.62124,9.33085,2.2906,233519,0
-1.4329,9.4017,2.16619,234018,0
-1.55068,9.40812,2.02932,234519,0
-1.48692,9.49208,1.86405,235019,0
-1.44506,9.48271,1.78858,235519,0
-1.57486,9.46515,1.81023,236017,0
-1.59358,9.45454,1.77243,236520,0
-1.57584,9.462,1.76748,237019,0
-1.59224,9.45557,1.79898,237519,0
-1.58747,9.45624,1.83955,238018,0
-1.48092,9.45386,1.96777,238519,0
-1.59713,9.453,1.85023,239019,0
-1.46796,9.45849,1.78708,239519,0
-1.5517,9.455,1.84156,240018,0
-1.568,9.45384,1.81913,240521,0
-1.53538,9.45766,1.81649,241019,0
-1.58455,9.44148,1.87214,241519,0
-1.52856,9.50917,1.67547,242018,0
-1.49464,9.48833,1.64781,242518,0
-1.64318,9.50918,1.65299,243018,0
-1.51064,9.49352,1.59562,243518,0
-1.51696,9.49394,1.61412,244018,0
-1.56028,9.51011,1.60327,244519,0
-1.54074,9.50108,1.66249,245018,0
-1.51735,9.4789,1.60994,245517,0
-1.50716,9.51515,1.60467,246019,0
-1.54194,9.54177,1.61501,246519,0
-0.57935,10.52162,2.1674,247018,0
-4.71614,7.3932,2.35911,247518,0
-4.66033,8.41776,1.01876,248019,0
-3.93168,8.39569,1.2453,248518,0
0.7181,9.51717,2.50328,249019,0
0.51208,9.45465,3.22016,249517,0
-1.19479,9.31951,2.66245,250018,0
-1.21952,9.38605,2.39136,250518,0
-1.04075,9.46567,2.17634,251018,0
-1.06883,9.45805,2.24542,251518,0
-0.94167,9.47344,2.08836,252018,0
-0.88238,9.52311,2.06491,252518,0
-0.90361,9.4595,2.15237,253018,0
-0.8102,9.50977,2.09191,253518,0
-0.79029,9.48567,2.11894,254018,0
-0.78231,9.49492,2.1221,254519,0
-0.72073,9.47287,2.02034,255018,0
-0.77281,9.49421,2.09785,255518,0
-0.77552,9.51591,2.13465,256018,0
-0.73364,9.52565,2.04197,256518,0
-0.71302,9.54071,2.01469,257018,0
-0.75561,9.5115,2.03642,257518,0
-0.7064,9.53174,2.02313,258018,0
-0.67784,9.56273,1.94964,258518,0
-0.66828,9.53243,1.9816,259017,0
-0.61054,9.55712,1.92242,259519,0
-0.70501,9.5579,2.00899,260018,0
-0.64445,9.55315,1.91975,260518,0
-0.61424,9.54804,1.92339,261018,0
-0.63975,9.53238,1.91465,261517,0
-0.88058,9.9739,1.89606,262018,0
0.24524,8.82483,2.10052,262518,0
-4.31356,8.57074,0.5452,263018,0
-4.68788,8.52022,0.97485,263518,0
-4.54481,8.61416,1.30653,264018,0
-0.17817,7.29889,2.8743,264518,0
1.53164,9.14145,0.87161,265018,0
-0.20456,9.6701,1.04675,265518,0
-1.09778,9.51414,1.50315,266018,0
-0.72202,9.60113,1.63624,266518,0
-0.9802,9.58773,1.60989,267018,0
-0.98395,9.61248,1.59953,267518,0
-1.00224,9.55472,1.62411,268018,0
-0.9728,9.57377,1.48799,268518,0
-1.01436,9.5752,1.5568,269018,0
-1.05077,9.56985,1.61005,269519,0
-1.01957,9.58679,1.5976,270019,0
-0.92823,9.62473,1.49938,270519,0
-0.9815,9.609,1.55511,271018,0
-0.91212,9.60279,1.43351,271519,0
-0.83105,9.59582,1.44328,272019,0
-0.85812,9.61041,1.429,272519,0
-0.85081,9.60178,1.46667,273018,0
-0.84308,9.61953,1.45074,273518,0
-0.81374,9.62644,1.36491,274018,0
-0.86877,9.63782,1.39733,274519,0
-0.87964,9.61012,1.40773,275019,0
-0.86263,9.6042,1.40469,275518,0
-0.86386,9.59552,1.4262,276017,0
-0.79874,9.61131,1.33817,276519,0
-0.82897,9.58902,1.37597,277018,0
-0.84858,9.63078,1.3018,277518,0
-0.82545,9.64368,1.29696,278018,0
-0.87009,9.6278,1.26994,278518,0
-0.90289,9.61498,1.38874,279019,0
-0.85855,9.60631,1.3017,279520,0
-0.84412,9.62391,1.23654,280019,0
-0.89744,9.64646,1.18693,280517,0
-0.82486,9.63978,1.19398,281018,0
-0.82233,9.63559,1.1935,281518,0
-0.81912,9.66953,1.1602,282019,0
-0.84115,9.64138,1.09578,282519,0
-0.83845,9.65063,1.12967,283019,0
-0.80005,9.72103,1.11858,283519,0
0.09825,9.82865,1.49008,284019,0
-2.13208,6.2438,0.36966,284520,0
-5.24105,8.09845,2.36224,285019,0
-4.90099,8.33343,2.08058,285519,0
-3.04889,7.66152,2.77591,286018,0
-0.40409,7.82207,2.29704,286519,0
-1.36111,11.60616,1.24909,287018,0
-1.5307,9.32707,1.4287,287519,0
-1.51624,9.45942,1.73455,288018,0
-1.28306,9.52284,1.46035,288518,0
-1.52253,9.45649,1.76891,289019,0
-1.27469,9.5371,1.51199,289519,0
-1.3706,9.54988,1.45728,290018,0
-1.31479,9.57979,1.37152,290519,0
-1.24162,9.58741,1.33552,291018,0
-1.13433,9.60237,1.22992,291518,0
-1.22607,9.55872,1.30168,292018,0
-1.20248,9.60074,1.27692,292518,0
-1.26636,9.5518,1.33169,293018,0
-1.2515,9.58388,1.32266,293518,0
-1.26654,9.57488,1.23802,294020,0
-1.12854,9.60292,1.25996,294519,0
-1.23281,9.57872,1.29536,295018,0
-1.19801,9.62214,1.2167,295519,0
-1.255,9.63003,1.27286,296018,0
-1.19058,9.60575,1.24877,296518,0
-1.17867,9.62348,1.27374,297018,0
-1.17255,9.62065,1.28336,297519,0
-1.12643,9.62067,1.19959,298018,0
-1.17838,9.74731,1.2462,298519,0
-0.89492,13.29335,2.50688,299018,0
-2.00531,7.798,2.88947,299518,0
-4.574,8.13974,2.72947,300019,0
-3.5209,8.65782,2.03743,300519,0
0.38097,9.69943,3.21004,301019,0
0.54455,10.33454,2.28742,301518,0
0.82579,10.24535,1.52363,302018,0
-0.48743,9.55039,1.66892,302519,0
-0.66909,9.5836,1.66181,303018,0
-0.674,9.63154,1.63031,303518,0
-0.74031,9.55326,1.61972,304019,0
-0.72335,9.60848,1.64719,304519,0
-0.61475,9.61584,1.55699,305018,0
-0.61698,9.64017,1.47685,305518,0
-0.56106,9.62886,1.47135,306019,0
-0.62009,9.65391,1.45872,306518,0
-0.69179,9.61023,1.53993,307018,0
-0.65854,9.62973,1.53967,307518,0
-0.61797,9.64221,1.45842,308018,0
-0.65938,9.62641,1.52656,308519,0
-0.64642,9.63289,1.48459,309019,0
-0.63693,9.64816,1.48312,309519,0
-0.5911,9.63186,1.44929,310018,0
-0.61332,9.64058,1.45648,310518,0
-0.56225,9.63561,1.37471,311017,0
-0.59159,9.65247,1.44731,311517,0
-0.61291,9.61706,1.41226,312019,0
-0.57221,9.60918,1.37939,312518,0
-0.56689,10.75168,1.06596,313019,0
-1.05918,8.58943,1.63317,313519,0
-4.27476,8.54555,1.40746,314019,0
-5.24799,8.18365,1.6419,314519,0
-2.28105,8.52584,2.53398,315019,0
-0.61644,10.73205,1.9526,315518,0
-2.35051,10.85319,2.8987,316018,0
-1.44666,9.5562,1.77545,316518,0
-1.67165,9.52622,1.6524,317019,0
-1.79622,9.47716,1.70021,317518,0
-1.71473,9.44714,1.77305,318019,0
-1.76102,9.45782,1.73686,318519,0
-1.78196,9.43293,1.78758,319019,0
-1.75036,9.45525,1.75018,319518,0
-1.7801,9.41417,1.79145,320019,0
-1.7231,9.43511,1.7029,320519,0
-1.6373,9.46596,1.63422,321018,0
-1.7377,9.42853,1.73754,321519,0
-1.69888,9.47128,1.66387,322020,0
-1.73328,9.48598,1.65068,322519,0
-1.69126,9.5036,1.65746,323018,0
-1.58522,9.48638,1.65991,323517,0
-1.56143,9.47083,1.67899,324018,0
-1.57147,9.48473,1.6585,324519,0
-1.57294,9.49303,1.69562,325019,0
-1.57356,9.55279,1.6338,325519,0
-1.47389,9.44572,1.54763,326019,0
-0.02383,10.75145,2.31548,326517,0
-1.82237,8.77945,2.10934,327019,0
-4.55201,8.29863,1.51753,327519,0
-3.87102,8.60716,1.5798,328019,0
-0.70059,9.1953,2.53128,328519,0
0.27395,9.44319,1.68325,329018,0
-1.66622,10.66804,0.86071,329518,0
-2.40594,9.55446,1.0016,330019,0
5.0683,8.9539,-4.963,17,0
2.533,5.5352,6.4665,519,0
1.2521,6.5455,7.867,1018,0
1.5873,5.5806,7.1392,1518,0
0.5315,6.8878,6.6364,2019,0
1.7405,7.1631,7.8886,2517,0
1.4197,7.527,3.6318,3017,0
-0.5985,8.0442,5.5687,3517,0
-4.5464,8.2501,4.3573,4019,0
-3.6893,8.7145,0.9122,4518,0
-1.5633,7.9771,2.7317,5019,0
-0.9672,8.8989,2.3055,5517,0
-2.205,11.044,-0.3639,6018,0
-2.6598,9.8565,0.3783,6518,0
-3.0429,9.5453,0.395,7018,0
-2.7221,8.9946,0.0072,7518,0
-3.0142,9.1119,-0.0383,8018,0
-3.4523,9.27,-0.1604,8518,0
-3.3661,9.1335,-0.4166,9018,0
-3.7587,9.0329,-0.1149,9519,0
-3.8784,8.9827,-0.0335,10018,0
-3.8617,9.0617,0.146,10517,0
-3.7372,8.9539,-0.0024,11018,0
-3.9311,8.997,-0.1484,11519,0
-3.8114,9.0401,-0.3304,12018,0
-3.8042,9.0186,-0.3376,12517,0
-3.8641,8.9683,-0.2203,13018,0
-3.8258,8.9611,-0.3974,13519,0
-3.8904,8.8653,-0.249,14018,0
-3.8808,8.942,-0.2179,14517,0
-4.0005,8.8606,-0.158,15017,0
-3.9862,8.827,-0.2657,15518,0
-1.9608,11.427,0.0479,16018,0
-2.5162,7.0674,3.4164,16518,0
-4.0365,9.1646,2.3103,17017,0
-3.9574,8.9851,2.0589,17518,0
-0.6177,7.1416,3.8617,18018,0
-1.3503,9.1886,0.0694,18518,0
-1.3646,9.4112,0.0479,19018,0
-2.3606,9.3059,0.4142,19519,0
-2.4659,9.3537,0.328,20018,0
-2.8538,9.246,0.2227,20517,0
-2.9495,9.2843,0.0862,21018,0
-3.0166,9.3011,0.0048,21517,0
-3.1889,9.258,-0.067,22017,0
-3.2871,9.1479,-0.2394,22518,0
-3.2081,9.2628,-0.3328,23018,0
-3.2536,9.234,-0.4549,23518,0
-3.2249,9.1455,-0.6273,24018,0
-3.2272,9.155,-0.6943,24518,0
-3.1506,9.2915,-0.7398,25019,0
-3.3876,9.0832,-0.6368,25517,0
-3.3398,9.0712,-0.7302,26019,0
-3.3829,9.1766,-0.8236,26519,0
-3.4619,9.0425,-0.8451,27018,0
-3.6989,8.6762,-0.711,27517,0
-2.4492,12.988,-0.2322,28018,0
-1.6064,6.1983,0.2945,28519,0
-3.5121,7.7904,-1.6759,29018,0
-0.8619,5.3388,4.1657,29518,0
-2.26,15.5329,-0.7087,30018,0
-1.8913,9.1024,-0.486,30517,0
-3.2847,9.1095,-0.3328,31018,0
-3.9167,9.0473,-0.3615,31517,0
-3.9359,8.8486,-0.2849,32018,0
-4.1226,8.9037,-0.3735,32518,0
-4.1322,8.7648,-0.4597,33018,0
-4.149,8.8534,-0.5147,33518,0
-4.1921,8.772,-0.7613,34019,0
-4.2256,8.8797,-0.7446,34517,0
-4.374,8.7816,-0.7063,35017,0
-4.5009,8.6164,-0.735,35518,0
-4.4219,8.6642,-0.7254,36018,0
-4.7499,8.7504,-0.3783,36518,0
-4.6996,8.6092,-0.2945,37017,0
-4.611,8.5302,-0.4597,37517,0
-4.4865,8.7792,-0.6512,38018,0
-5.9182,12.6361,-0.0144,38517,0
-0.1413,6.6053,1.6088,39017,0
-3.7563,8.3458,0.7685,39518,0
-3.7372,9.3178,1.0941,40018,0
-1.6902,12.1261,0.7446,40518,0
-1.1276,7.9795,0.5985,41018,0
-3.1722,9.4902,1.6807,41518,0
-3.0573,9.009,1.051,42018,0
-3.4379,9.167,0.9529,42518,0
-3.3493,9.0736,0.7015,43018,0
-3.3948,9.0856,0.3567,43518,0
-3.2512,9.1742,0.2131,44019,0
-3.3709,9.1239,0.2705,44518,0
-3.3613,9.1622,0.8068,45018,0
-3.4236,9.1646,0.8188,45518,0
-3.5816,9.1383,0.893,46019,0
-3.7276,9.0401,0.5578,46518,0
-3.5481,8.9324,0.2131,47017,0
-3.8449,8.9515,0.3352,47518,0
-3.8665,8.9491,0.5195,48018,0
-3.8808,8.9803,0.711,48518,0
-3.8689,8.8462,0.6656,49017,0
-3.8617,9.0377,0.3902,49518,0
-4.0628,8.7552,0.4645,50019,0
-2.8514,12.8491,0.3448,50519,0
-2.2385,5.2239,1.3168,51018,0
-3.3015,9.2939,-0.2514,51518,0
-3.2416,8.4344,1.2354,52021,0
-4.2352,11.4989,0.0168,52518,0
-4.1155,7.9963,0.4621,53018,0
-5.042,8.274,0.9959,53518,0
-4.9103,8.3506,0.8595,54018,0
-5.1497,8.3793,1.0007,54519,0
-5.0946,8.2788,0.7613,55018,0
-5.2742,8.3075,0.5075,55518,0
-5.1186,8.4153,0.6512,56017,0
-5.0037,8.3386,0.6105,56517,0
-4.9701,8.4416,0.6416,57018,0
-4.8792,8.4177,0.5698,57518,0
-4.9127,8.4033,0.5075,58018,0
-4.9606,8.4943,0.5123,58517,0
-4.9414,8.3027,0.4357,59017,0
-4.884,8.4057,0.4238,59518,0
-4.9821,8.5158,0.5482,60019,0
-5.0515,8.5158,0.474,60517,0
-5.3388,8.6738,0.6249,61017,0
-0.3639,10.5388,1.0055,61517,0
-8.1088,6.3324,6.1409,62018,0
-2.825,8.9611,0.6871,62518,0
-0.7039,5.2503,2.3366,63018,0
-3.5576,12.3224,2.0493,63518,0
-1.8506,9.8182,2.2528,64019,0
-2.6215,9.0353,2.4755,64518,0
-2.8633,9.0641,2.1451,65017,0
-2.9998,9.2532,1.5873,65517,0
-3.4044,9.3418,1.6471,66018,0
-3.0525,9.1838,1.2856,66528,0
-2.9902,9.2293,1.2808,67018,0
-3.0166,9.3178,1.4819,67517,0
-2.9615,9.1383,1.3072,68018,0
-2.7628,9.0784,1.0103,68517,0
-3.0549,8.6906,1.1324,69018,0
-3.1339,9.0736,1.3742,69517,0
-3.0692,9.6985,1.5777,70018,0
-2.9711,9.3514,1.2689,70517,0
-2.9615,9.3226,1.1013,71018,0
-3.019,9.1287,1.0773,71518,0
-3.0716,9.1646,1.0989,72017,0
-2.7341,9.2939,0.9217,72518,0
-2.8562,9.2628,0.9936,73018,0
-2.94,9.2556,0.8858,73519,0
-2.6239,11.676,1.391,74018,0
-2.6694,9.0712,0.9744,74518,0
-3.5217,8.3889,-1.4867,75017,0
-5.6189,8.207,0.3352,75519,0
-1.3694,5.2934,1.8435,76018,0
-1.4293,6.9812,-1.4748,76518,0
-2.9807,11.2834,0.3352,77017,0
-2.0302,7.958,0.6632,77518,0
-1.9775,9.1072,0.6392,78019,0
-1.7309,9.7703,0.9529,78517,0
-1.8482,10.1462,0.6296,79017,0
-1.707,10.8908,0.9122,79518,0
-2.2959,12.0998,0.6895,80019,0
-4.1059,9.7871,1.1324,80517,0
-3.7899,8.9132,0.8978,81018,0
-3.991,8.8534,0.4908,81517,0
-3.9239,8.9084,0.1484,82017,0
-4.1969,8.93,0.0383,82519,0
-4.6589,8.8342,-0.0383,83018,0
-4.623,8.7313,-0.1628,83517,0
-4.5943,8.6164,-0.0431,84019,0
-4.4937,8.6642,-0.0694,84518,0
-4.4434,8.6666,-0.0192,85018,0
-4.4506,8.6116,-0.0934,85518,0
-4.6493,8.5709,0.012,86018,0
-4.6565,8.4512,0.5195,86517,0
-4.0293,8.6618,0.3136,87018,0
-4.5727,9.2819,0.9337,87518,0
-4.623,8.2405,0.7948,88019,0
-3.8784,8.827,0.9505,88517,0
-4.0556,9.0042,1.1635,89017,0
-4.1442,8.7385,1.063,89517,0
-4.1633,9.1,1.0414,90018,0
-3.9072,8.6762,1.0343,90517,0
-4.2974,8.7863,1.1923,91018,0
-4.1801,8.5565,0.644,91517,0
-4.6278,8.3674,1.1061,92018,0
-4.5775,8.8941,0.9552,92518,0
-4.8337,13.2849,1.6831,93018,0
0.5315,7.4624,-1.64,93517,0
-5.0635,7.211,-1.7668,94018,0
-5.7674,8.5852,2.6168,94517,0
-3.9766,8.7504,-0.1149,95017,0
-3.5241,6.2678,3.3254,95518,0
-1.4221,13.0909,-0.2418,96017,0
-3.019,9.0832,0.1963,96517,0
-3.4619,9.2101,0.0407,97018,0
-3.6079,8.9851,0.5913,97517,0
-4.0125,8.9156,1.0414,98019,0
-4.5129,8.8414,0.9313,98517,0
-4.5943,8.6714,0.4716,99018,0
-4.6158,8.6116,0.407,99518,0
-4.884,8.6403,0.3807,100018,0
-4.9318,8.456,0.2657,100517,0
-4.7403,8.8079,0.1628,101017,0
-4.9103,8.7121,0.3926,101517,0
-4.939,8.6523,0.1891,102018,0
-4.9342,8.456,0.2322,102518,0
-4.769,8.6714,0.4429,103018,0
-4.8265,8.4631,0.2083,103517,0
-4.9151,8.4919,0.1053,104019,0
-4.8552,8.4512,0.0311,104517,0
-4.8385,8.681,0.0503,105018,0
-4.8193,8.5182,0.0479,105518,0
-4.939,8.4727,-0.0503,106017,0
-4.8696,8.3889,-0.1125,106518,0
-4.884,8.5828,-0.1006,107018,0
-4.8792,8.4224,-0.2394,107518,0
-5.0348,8.4799,-0.2538,108018,0
-4.951,8.4033,-0.3328,108517,0
-4.9606,8.5254,-0.2753,109018,0
-4.9869,8.4248,-0.4764,109517,0
-4.9606,8.4392,-0.5028,110017,0
-4.9438,8.5038,-0.4549,110517,0
-4.9773,8.377,-0.632,111017,0
-4.9917,8.4272,-0.5387,111517,0
-4.9845,8.4847,-0.5578,112017,0
-4.8552,8.4919,-0.6153,112518,0
-2.6335,11.542,0.7494,113018,0
-1.1516,4.9893,0.3735,113517,0
-3.6486,8.7672,1.3407,114018,0
-0.9361,7.1895,1.6639,114519,0
-3.5983,11.0871,1.9775,115018,0
-1.2952,9.4854,0.8858,115518,0
-1.6232,9.2532,1.5873,116018,0
-1.3479,8.7121,0.7853,116517,0
-1.0654,11.3911,0.5004,117018,0
-1.2641,7.7689,1.1157,117518,0
-2.8562,12.3607,0.6751,118018,0
-3.4307,7.6563,0.3352,118519,0
-4.3094,8.5972,0.6727,119018,0
-4.6374,8.523,0.4214,119518,0
-4.5943,8.6906,0.5866,120017,0
-4.6924,9.4734,0.565,120518,0
-4.6015,9.0497,0.7517,121018,0
-3.3637,9.3657,1.0103,121518,0
-4.3118,8.9659,1.1587,122018,0
-3.9622,8.8127,1.2521,122518,0
-4.0388,8.8701,1.4389,123017,0
-4.3046,8.8558,1.2761,123519,0
-4.1418,8.8127,1.0271,124017,0
-4.1633,8.8223,0.9169,124517,0
-4.362,8.76,0.7422,125018,0
-4.3932,8.7887,0.5985,125517,0
-4.3812,8.8318,0.5243,126018,0
-4.228,8.8582,0.5459,126518,0
-4.2687,8.7816,0.6081,127018,0
-4.3597,8.7552,0.4453,127517,0
-4.3261,8.693,0.4573,128017,0
-4.4099,8.6379,0.3591,128518,0
-4.4219,8.7097,0.4381,129018,0
-4.398,8.76,0.2825,129517,0
-4.2232,8.8558,0.2418,130017,0
-4.5416,8.9922,0.3902,130519,0
-3.2847,10.0265,-1.1037,131018,0
-0.7087,7.0387,1.8435,131519,0
-4.1298,8.8007,-0.7087,132019,0
-4.5823,8.2836,0.0622,132518,0
-4.1873,5.2359,3.3134,133018,0
-3.4523,9.7512,0.4453,133518,0
-1.8722,6.8687,-1.3958,134018,0
-2.3414,10.4981,0.2083,134517,0
-0.9145,11.0416,-0.5674,135018,0
-1.2521,11.2068,1.4365,135518,0
-2.8825,9.4471,1.2808,136018,0
-3.3853,9.574,0.9912,136517,0
-2.9423,9.7176,0.8643,137018,0
-4.453,8.4919,1.4317,137518,0
-4.2304,8.8797,0.7685,138018,0
-4.5105,8.6906,-0.0239,138518,0
-4.7595,8.6044,-0.1867,139019,0
-4.8744,8.5493,0.0718,139519,0
-4.6398,8.5852,0.0335,140018,0
-4.9247,8.4871,0.3998,140517,0
-4.9582,8.9276,0.2681,141019,0
-3.7659,9.6291,0.9193,141518,0
-3.8449,7.2637,1.6328,142018,0
-4.149,8.6379,1.3598,142518,0
-4.1849,8.9898,0.7254,143017,0
-4.2687,8.7456,0.474,143517,0
-4.2256,8.6523,0.4477,144019,0
-4.1825,8.8199,0.4453,144518,0
-4.1346,8.8103,0.3783,145018,0
-4.2615,8.8821,0.3998,145517,0
-4.149,8.8893,0.2825,146017,0
-4.1657,8.8007,0.3352,146518,0
-4.1633,8.851,0.2274,147018,0
-4.2256,8.8342,0.2155,147518,0
-4.2663,8.8534,0.2849,148018,0
-4.2495,8.7624,0.1317,148518,0
-4.2639,8.8677,0.1652,149017,0
-4.2088,8.7887,0.0527,149517,0
-4.5655,9.5453,0.0838,150018,0
0.1724,8.7552,0.4477,150518,0
2.5617,11.2523,1.4149,151018,0
-3.8473,8.9731,-0.4261,151518,0
-1.9632,5.9876,3.6151,152017,0
-1.719,12.3942,0.474,152518,0
-3.402,10.4431,0.4166,153018,0
-2.2193,9.9618,0.8068,153518,0
-1.3982,11.0272,1.1635,154018,0
-2.6215,9.313,0.1484,154518,0
-2.7245,8.7241,-0.1293,155019,0
-4.8624,8.6714,0.7589,155517,0
-4.6493,8.8845,-0.3974,156017,0
-4.5512,8.6307,-0.6392,156517,0
-4.7643,8.5374,-0.5171,157017,0
-4.9462,8.6882,-0.3136,157518,0
-4.8935,8.3865,-0.2538,158018,0
-4.9247,8.4009,-0.4285,158518,0
-4.9366,8.4105,-0.5219,159017,0
-4.9701,8.3865,-0.5482,159517,0
-5.1018,8.3219,-0.2945,160018,0
-5.0252,8.3386,-0.4812,160517,0
-5.0779,8.3075,-0.4333,161021,0
-5.1162,8.3434,-0.3567,161519,0
-5.0252,8.377,-0.5123,162018,0
-5.0156,8.5326,-0.5482,162519,0
-4.9199,8.3434,-0.6273,163017,0
-5.0946,8.4536,-0.6249,163518,0
-5.1042,8.3027,-0.5866,164017,0
-5.109,10.9219,-0.4597,164518,0
-1.8243,10.2946,3.165,165018,0
-4.0197,7.6994,-0.3974,165517,0
-3.6654,8.8653,1.0726,166018,0
-3.7132,8.9827,0.7278,166518,0
-1.2042,6.6915,3.6893,167019,0
-2.9567,11.0248,0.1077,167518,0
-0.6727,7.1584,-1.1468,168018,0
-1.6424,9.3777,1.3,168519,0
-0.802,10.5747,0.6129,169019,0
0.3567,8.2189,-0.8092,169519,0
-1.0007,9.5908,1.2761,170018,0
-0.1628,7.8503,0.9169,170519,0
-1.2258,9.5453,0.6488,171017,0
-2.114,11.6856,0.8451,171517,0
-3.1985,9.9283,1.3407,172018,0
-3.7803,9.1598,0.9265,172519,0
-4.0197,8.7935,0.9505,173017,0
-4.2208,8.5805,0.6081,173518,0
-4.3692,8.7265,0.6464,174018,0
-4.295,8.7624,0.5602,174517,0
-4.3908,8.76,0.5842,175017,0
-4.4051,8.7241,0.474,175518,0
-4.6254,8.6906,0.6344,176018,0
-4.4554,8.7313,0.4357,176518,0
-4.3716,8.6786,0.3495,177017,0
-4.307,8.7576,0.2921,177517,0
-4.3788,8.7409,0.1843,178018,0
-4.4171,8.7002,0.1125,178519,0
-4.5009,8.6666,0.2298,179017,0
-4.3573,8.8797,0.0527,179517,0
-4.2423,8.7792,0.0766,180018,0
-4.1609,8.8821,0.0359,180518,0
-4.2304,8.7648,-0.0455,181017,0
-4.3501,8.8917,0.0814,181519,0
-4.2806,8.7552,-0.0575,182018,0
-4.2543,8.8677,-0.0766,182517,0
-4.2256,8.8797,-0.1197,183017,0
-4.1322,8.9132,-0.3615,183518,0
-4.3213,8.669,0.1293,184019,0
-4.5703,8.7025,0.2705,184517,0
-4.5392,8.7432,0.0,185019,0
-4.5129,8.669,-0.0886,185518,0
-4.5512,8.669,-0.0551,186018,0
-4.5895,8.7456,0.0575,186518,0
-3.9191,9.8661,0.1317,187018,0
0.5459,10.6226,0.7829,187518,0
-4.9486,8.2261,-0.8212,188018,0
-3.2392,9.2556,-0.5315,188518,0
-3.7109,9.2005,0.4884,189019,0
-1.5442,9.6434,1.5729,189518,0
-2.0493,10.3305,0.3352,190018,0
-2.6527,9.3968,0.0838,190518,0
-1.9177,8.7959,-0.3208,191019,0
-2.2505,9.7775,0.7302,191517,0
-2.363,8.8917,-0.2011,192019,0
-0.9385,10.1031,0.7158,192518,0
-2.1978,9.1886,0.1149,193018,0
-3.6486,9.3561,2.2026,193517,0
-3.232,8.9922,5.6261,194018,0
-2.2624,8.0466,4.9007,194519,0
-1.9967,8.6307,4.6422,195017,0
-2.8155,8.6116,3.4068,195518,0
-2.9759,8.8055,3.6199,196017,0
-2.6862,8.772,3.2344,196518,0
-2.8609,8.7528,3.3398,197018,0
-2.928,8.8534,3.4475,197517,0
-2.8514,8.7887,2.9256,198017,0
-2.8777,8.8989,3.2009,198518,0
-3.0309,8.8079,3.1842,199017,0
-2.8801,8.8989,2.9615,199518,0
-2.8729,8.9324,3.0788,200018,0
-2.9184,8.9204,2.9591,200518,0
-2.9974,8.6834,3.0549,201018,0
-2.8777,9.1455,3.1267,201517,0
-2.9376,8.9779,2.9974,202017,0
-2.837,9.0018,2.7508,202519,0
-2.8681,9.1215,2.9687,203019,0
-2.6718,8.8821,3.1602,203518,0
-2.6646,9.0449,3.0764,204018,0
-2.6287,9.1167,2.5952,204519,0
-2.6287,9.1119,2.4707,205017,0
1.0103,12.8994,1.0989,205517,0
-5.4633,9.7895,-0.0646,206018,0
-4.9893,8.432,-1.865,206518,0
-1.7501,8.2333,0.8284,207018,0
-0.5459,10.9961,1.1013,207518,0
-2.1643,10.4574,0.5722,208018,0
-2.4037,10.3712,0.9074,208518,0
-1.4939,10.2731,0.2179,209017,0
-1.7525,9.574,-0.3184,209517,0
-2.5234,10.1701,-0.7901,210018,0
-3.7611,9.0976,0.1867,210517,0
-4.2591,8.1974,2.4444,211017,0
-3.3469,8.7983,3.1602,211518,0
-3.9024,8.4655,1.8339,212018,0
-3.8186,8.6618,1.5274,212517,0
-4.2663,8.7313,1.118,213018,0
-4.295,8.7456,1.6304,213517,0
-4.0987,8.76,1.7261,214019,0
-3.9551,9.0114,2.0853,214518,0
-3.797,8.8438,2.5354,215018,0
-4.4794,8.2142,1.7142,215518,0
-4.3453,8.6762,1.9943,216018,0
-3.9311,8.8294,1.4652,216517,0
-4.0939,8.6834,1.5633,217018,0
-4.1657,8.7002,1.4508,217518,0
-4.2256,8.5398,1.3838,218018,0
-4.2447,8.7768,1.1683,218518,0
-4.3285,8.7528,1.1923,219018,0
-4.4578,8.8175,1.707,219519,0
-4.0053,8.7217,1.7645,220018,0
-1.9679,9.5429,1.5777,220518,0
-1.3,6.1409,0.2897,221017,0
-3.6247,8.7097,-0.3615,221518,0
-1.8291,8.2453,-0.4573,222018,0
-0.0694,9.9714,1.6854,222519,0
-2.7077,12.265,1.9608,223017,0
-1.379,8.9851,0.8427,223518,0
-1.5633,10.1318,0.9648,224018,0
-2.3271,10.6729,0.8403,224519,0
-2.1188,9.9044,0.7541,225017,0
-3.56,9.0712,0.7278,225517,0
-4.5823,8.7145,1.4772,226018,0
-4.4961,8.7624,0.8116,226519,0
-4.7451,8.5493,0.7398,227018,0
-4.7667,8.59,0.3495,227517,0
-4.7188,8.6379,0.7853,228018,0
-4.7738,8.5182,0.5339,228518,0
-4.7834,8.602,0.632,229018,0
-4.9821,8.5421,0.5866,229518,0
-4.8768,8.4919,0.4692,230018,0
-4.8241,8.5206,0.4621,230518,0
-4.8121,8.5182,0.0982,231017,0
-4.86,8.4296,0.0718,231517,0
-4.7738,8.535,0.1221,232017,0
-4.7834,8.5996,0.0192,232517,0
-4.8241,8.5445,-0.1245,233017,0
-4.8265,8.5493,-0.1197,233517,0
-4.7643,8.3626,-0.2107,234018,0
-4.8792,8.5972,-0.1963,234517,0
-4.769,8.5302,-0.3639,235019,0
-4.8385,8.4847,-0.3831,235518,0
-4.8193,8.5182,-0.3615,236018,0
-5.4633,8.8869,0.182,236518,0
0.0144,10.4957,0.6919,237017,0
-1.7477,7.9436,2.6311,237518,0
-2.9687,7.7138,4.9438,238018,0
-1.2473,9.6339,5.4657,238519,0
0.4357,8.76,4.8289,239017,0
-4.1633,4.4051,14.0965,239518,0
6.0978,5.3125,-5.2048,240017,0
4.4554,6.7274,-4.6086,240518,0