-0.9217,8.8953,0.9672,2514,1
2.904,7.8526,0.3735,3014,1
3.2596,9.4316,-0.4896,3514,1
-2.1092,8.8199,1.8722,4014,1
-1.4317,10.8465,0.6955,4514,1
-1.8171,11.8137,1.3203,5014,1
3.6007,9.0246,0.2322,5515,1
-1.0414,9.7404,1.0642,6014,1
-1.4436,10.042,-0.7158,6515,1
-0.5243,9.0892,0.1939,7015,1
-0.9445,8.4739,-0.4585,7515,1
5.0468,8.8821,-0.8894,8014,1
2.9388,8.9336,-0.9205,8514,1
-2.6024,9.3502,2.2912,9014,1
-1.7273,13.3902,-0.8463,9514,1
-1.7812,8.1902,0.3507,10014,1
4.9438,8.8905,-0.5806,10515,1
0.4645,9.2281,0.7829,11016,1
-2.7807,10.303,0.5075,11514,1
-2.8059,12.2087,0.4752,12015,1
-0.2586,7.1655,1.0055,12514,1
4.8169,8.4823,-0.9672,13015,1
-1.1611,9.9511,0.4321,13514,1
-1.9117,12.2243,0.6261,14014,1
-1.5789,9.4974,-0.0036,14515,1
3.9646,9.1323,0.0156,15015,1
1.13,7.2003,1.3467,15514,1
-2.0158,12.0411,1.3814,16015,1
-1.3239,14.2509,0.6859,16514,1
5.6968,7.0147,-0.3005,17015,1
3.1686,6.883,-0.2502,17514,1
-0.826,10.704,2.1942,18014,1
-0.7649,9.5321,1.7656,18515,1
-1.689,6.4844,-0.4633,19013,1
4.5811,8.7971,-1.1145,19514,1
-0.474,8.4631,1.8435,20014,1
-0.7841,10.3724,0.7829,20513,1
-2.0122,10.3952,1.2497,21015,1
-1.1599,8.5362,1.0199,21514,1
3.4164,9.0078,-0.474,22016,1
-2.3606,10.455,2.5054,22515,1
-1.306,10.2132,0.8703,23014,1
-0.9995,8.0765,0.6404,23515,1
6.8794,6.1313,0.2885,24015,1
1.4041,6.5335,-0.0682,24514,1
-2.6132,9.4603,0.3914,25014,1
-2.108,9.2843,0.7266,25514,1
-0.6715,8.5852,0.668,26015,1
4.2328,8.6559,0.0275,26514,1
0.4597,7.533,2.527,27016,1
-2.6431,9.1431,2.8729,27514,1
-2.6563,11.6425,1.8794,28014,1
1.3874,4.544,0.1413,28515,1
3.469,8.2381,0.1484,29015,1
-0.8918,10.3688,2.2445,29514,1
-1.9356,9.6434,1.719,30014,1
-2.8681,9.0928,0.0299,30515,1
3.8808,8.5457,0.638,31014,1
-2.4767,9.1886,1.8686,31515,1
-2.6993,9.6949,1.5681,32014,1
-2.3797,11.688,0.8978,32515,1
-3.6438,8.8749,0.8331,33014,1
3.6594,8.6774,0.1353,33514,1
0.2753,8.341,2.0482,34015,1
-2.7628,10.0504,0.3843,34514,1
-1.3766,11.0117,0.7482,35015,1
-0.4645,6.4581,1.2892,35515,1
4.7307,8.1723,-0.4453,36015,1
-2.12,9.5429,1.6017,36513,1
-2.4707,10.7184,0.2813,37013,1
-2.0434,10.5819,1.9153,37514,1
-0.6464,7.6719,0.9133,38015,1
0.1365,7.4373,0.9744,38515,1
-1.6304,10.9973,1.2306,39014,1
-1.0295,11.1026,0.7218,39514,1
-1.5837,8.7492,0.8415,40015,1
2.7269,9.1945,0.6225,40514,1
0.492,7.6898,1.4808,41014,1
-2.0278,9.4806,2.5892,41513,1
-1.0103,9.3669,0.6356,42014,1
-2.1571,8.2082,1.3886,42514,1
3.9646,9.1862,1.2928,43015,1
-1.4448,8.7708,1.2234,43514,1
-2.278,9.5656,2.4815,44014,1
-1.4041,10.4502,1.9644,44516,1
-2.272,9.2628,1.5562,45015,1
3.8904,9.3609,-0.5471,45514,1
-0.0826,8.9611,0.9133,46014,1
-2.8346,9.9176,1.1252,46514,1
-2.746,9.4782,1.6388,47016,1
-1.069,9.5369,1.367,47514,1
-2.7221,12.7198,1.0714,48014,1
-0.2789,6.2031,-0.2885,48514,1
3.2775,8.9874,0.3483,49015,1
-0.5016,8.2465,0.6536,49514,1
-2.0757,10.1881,2.0529,50014,1
-1.1336,10.2408,1.0702,50514,1
-1.3826,9.495,-0.1436,51014,1
-1.4377,10.1103,1.6914,51515,1
1.3934,9.671,0.2143,52014,1
3.5995,7.5223,-0.7278,52513,1
-1.6124,9.896,0.4333,53015,1
-3.2691,9.8757,1.0007,53515,1
-1.9584,9.9714,0.0622,54015,1
-1.9955,9.5572,0.3448,54514,1
-2.8023,7.9855,0.6428,55014,1
-0.2119,8.1399,0.1676,55514,1
3.3924,9.1754,0.7996,56015,1
-1.7501,9.6518,1.9883,56514,1
-2.4599,9.8122,0.5842,57014,1
-2.0122,9.9367,0.4309,57515,1
-1.4843,10.1282,0.2454,58014,1
-1.5586,9.4411,0.6213,58514,1
1.6639,7.6779,1.142,59014,1
3.3685,8.8115,0.9672,59514,1
-2.3893,9.993,1.5119,60015,1
-3.1207,9.6494,1.2198,60515,1
-2.9771,9.4088,0.6332,61015,1
-1.6866,9.7236,0.8547,61514,1
-3.3697,13.2226,0.6751,62015,1
2.5114,6.8866,-0.8367,62516,1
3.2823,8.9168,0.164,63015,1
-1.5801,9.9906,2.6503,63514,1
-1.6005,9.8206,1.0809,64015,1
-2.0577,9.3322,0.7577,64515,1
-1.9847,9.2209,0.6859,65014,1
-1.9907,12.259,-0.0203,65515,1
0.9433,5.8847,-0.0431,66014,1
3.5002,8.8079,-0.1688,66515,1
-2.2516,9.3238,2.3857,67014,1
-2.12,10.0025,0.7745,67515,1
-1.8973,9.6913,0.5818,68014,1
-1.1456,9.8864,0.6596,68514,1
-1.8303,12.3057,1.2988,69014,1
3.2667,7.4229,0.486,69514,1
3.7037,9.0952,-0.2634,70014,1
-1.318,8.8366,1.8387,70515,1
-2.1056,10.1019,0.7769,71015,1
-1.5023,9.5596,0.0263,71514,1
-0.7889,10.0983,-0.1963,72014,1
-0.7075,10.6573,-0.6045,72515,1
-2.2409,11.4079,0.6536,73014,1
2.6646,7.4672,0.2538,73514,1
2.8538,8.9635,-0.5542,74015,1
-0.3232,9.4615,0.7505,74515,1
-0.8918,10.4526,0.3017,75015,1
-1.3946,9.8709,-0.0215,75514,1
-1.1204,9.5321,-0.571,76014,1
-1.3395,9.4699,0.5482,76515,1
-1.2629,9.2616,0.4633,77014,1
-1.142,10.054,1.3587,77514,1
-0.7805,10.0756,0.0886,78015,1
0.1233,9.8936,-0.3771,78514,1
2.7628,8.5158,0.0958,79014,1
-0.4333,7.3714,0.0515,79514,1
-2.2588,9.6374,0.5997,80015,1
-1.8722,9.8697,0.1808,80514,1
-1.306,9.6566,-1.0343,81015,1
-1.7417,9.568,-0.7494,81513,1
-1.865,9.5836,-0.4728,82014,1
-2.0924,9.5489,-0.468,82515,1
-2.1499,9.3645,-0.0898,83015,1
-2.8214,9.2532,0.2394,83513,1
-1.318,9.6374,0.1257,84014,1
-0.3316,11.214,-0.905,84515,1
1.8494,9.8433,0.3807,85015,1
-0.6452,7.9077,1.2006,85514,1
-3.9215,9.7955,0.8595,86015,1
-3.0609,9.3071,0.2298,86516,1
-2.4743,9.2376,-0.0012,87015,1
-1.0103,10.0576,-1.2078,87514,1
-0.7158,9.5501,-1.2952,88013,1
-1.3646,9.5812,-0.9373,88514,1
-1.8183,9.6327,-0.5566,89014,1
-1.7202,9.6135,-0.328,89515,1
-2.2612,9.6698,0.1293,90014,1
-2.4851,9.5596,0.565,90515,1
-1.8183,9.7967,0.1053,91014,1
0.0419,8.9288,-0.4525,91514,1
2.1212,9.3837,0.6799,92014,1
-3.0525,7.6084,1.7645,92513,1
-3.3996,9.835,0.96,93015,1
-1.6208,10.7663,-1.1073,93514,1
-3.5301,5.5543,1.0019,94014,1
1.8111,8.7229,1.5598,94514,1
-2.7879,9.2209,1.701,95015,1
-2.6682,10.2886,-0.4537,95514,1
-1.8494,12.9257,-2.2852,96015,1
2.8981,3.5241,-1.1935,96515,1
-0.0551,7.6791,1.1468,97014,1
-3.5421,8.6319,0.7338,97514,1
-1.9129,12.4206,-2.0972,98014,1
-0.8511,12.3188,-1.9009,98515,1
3.9946,7.8407,1.7896,99014,1
1.7154,7.9927,1.6064,99515,1
0.4417,10.4203,0.6955,100014,1
-0.9852,11.3708,-0.3364,100514,1
-2.5365,9.8924,0.5494,101015,1
3.1806,9.0868,0.0359,101514,1
0.1927,7.8371,1.5095,102014,1
-3.7563,9.7272,1.3551,102515,1
-2.2768,9.3178,0.006,103014,1
0.0551,9.7811,-2.2445,103515,1
-0.9552,1.0283,2.1774,104015,1
2.0805,8.8869,0.8427,104514,1
-3.73,8.7397,1.9356,105014,1
-2.4216,9.9606,0.2346,105514,1
-0.741,9.7081,-0.9959,106014,1
0.1915,0.3986,0.2238,106514,1
2.4755,9.0162,0.808,107015,1
-0.5854,9.1299,1.197,107515,1
-1.7848,10.3042,0.2849,108014,1
-1.8889,9.8457,-0.4776,108516,1
-0.4812,9.7524,-0.7003,109014,1
-0.3555,10.0636,-1.5107,109514,1
1.0331,1.5993,2.1942,110014,1
2.2349,9.4603,1.0426,110515,1
0.0192,7.934,1.5813,111014,1
-1.5131,10.4814,0.3843,111514,1
-0.9708,9.6003,-0.1365,112014,1
-0.4106,11.7215,-1.4867,112514,1
-1.0857,5.0097,0.6452,113015,1
3.159,9.2005,-0.3783,113514,1
-0.6739,9.4004,1.3587,114015,1
-2.3342,9.9954,0.7721,114514,1
-0.2011,10.2228,-0.8954,115015,1
-0.668,9.6817,-0.9995,115514,1
-0.8164,12.2255,-1.8913,116014,1
0.8068,2.8849,0.9181,116516,1
2.3654,9.1263,1.6495,117015,1
-1.7513,9.6937,1.525,117515,1
-2.5856,9.4866,0.4621,118014,1
-1.4041,9.8146,-0.9995,118515,1
0.4094,9.7595,-1.4329,119015,1
-0.2657,11.7873,-2.8023,119515,1
-0.7099,5.5052,1.6735,120014,1
3.2584,8.9096,0.7757,120515,1
-1.0103,9.9092,1.5969,121016,1
-2.5354,9.799,0.4752,121514,1
-1.9943,9.9738,-0.1879,122015,1
-0.6344,9.5273,-0.5279,122514,1
-0.8535,10.2635,-1.1815,123014,1
-3.0489,8.1603,2.0613,123514,1
2.9328,9.2735,0.6596,124015,1
2.1918,9.3334,0.5889,124515,1
-0.723,9.7847,2.0589,125014,1
-2.5677,9.6123,0.0048,125515,1
-1.3084,9.5979,0.2825,126014,1
-1.2521,9.6243,0.1065,126514,1
-1.7417,12.3524,-0.0203,127015,1
-1.3527,12.429,0.8726,127514,1
0.9157,9.3669,1.051,128014,1
0.4836,8.6427,0.9421,128514,1
-2.0326,9.3394,0.8547,129015,1
-1.1803,9.969,-0.0527,129514,1
-0.5099,9.5991,0.3699,130015,1
-0.5746,9.7967,-0.1293,130514,1
-2.4575,10.8201,0.2669,131015,1
2.5677,8.9599,-0.1017,131515,1
2.6132,9.0712,0.7051,132014,1
-0.9912,8.9288,1.2701,132514,1
-1.9715,10.0241,0.5099,133015,1
-1.2593,9.8014,-0.3172,133515,1
-0.1472,9.7835,0.1281,134014,1
-1.4365,12.3176,0.6871,134514,1
-0.6871,3.6199,0.2155,135015,1
2.4456,9.2484,0.6656,135515,1
-2.199,7.8443,1.7393,136014,1
-2.1703,10.1725,0.6117,136515,1
-1.871,9.9235,0.6153,137014,1
-1.3766,9.6518,0.1568,137514,1
-2.5796,11.4677,0.5471,138013,1
0.7027,10.3976,2.849,138515,1
2.3474,9.2711,1.707,139014,1
-1.3754,8.043,2.3737,139515,1
-2.3666,9.7859,2.9471,140015,1
-2.0769,9.9487,-0.0443,140515,1
-1.0031,9.6482,0.1987,141015,1
-1.7704,14.5154,-0.6273,141515,1
-2.9028,3.6139,1.6831,142015,1
2.9675,9.4184,0.4285,142514,1
1.446,9.2795,1.2593,143014,1
-0.875,9.9547,2.0326,143514,1
-0.6883,10.7076,1.2808,144015,1
-0.7829,10.0935,0.1927,144514,1
-0.4333,9.7368,0.079,145015,1
-0.5746,11.1565,-0.6452,145514,1
0.0958,4.8026,1.9823,146014,1
2.8861,9.1514,0.2047,146514,1
2.0613,8.0358,0.6751,147015,1
-1.6292,10.6059,1.2569,147514,1
-0.8439,10.4933,1.0857,148015,1
-0.8499,9.7165,0.2897,148515,1
-0.954,10.5783,-0.0072,149015,1
-0.7218,6.5455,1.209,149514,1
3.7671,8.5852,0.741,150014,1
3.2656,9.1514,0.413,150515,1
3.3577,9.2209,0.7134,151015,1
-0.492,9.0784,1.6866,151515,1
-2.1272,10.0588,0.5626,152014,1
-2.2768,9.6111,0.7625,152515,1
-0.6332,9.2891,0.0754,153014,1
-0.6392,9.647,0.1089,153514,1
-2.0158,10.3281,0.2274,154013,1
-0.0766,6.4329,1.1252,154515,1
2.7317,9.1,-0.0024,155015,1
2.4755,9.088,0.091,155514,1
-0.425,9.7081,1.4317,156013,1
-2.4551,9.5177,1.0175,156514,1
-1.707,9.5237,0.3759,157015,1
-0.5602,10.1127,0.2801,157514,1
-0.4453,9.6662,0.3459,158014,1
-2.284,11.5096,-0.0156,158515,1
-0.334,6.6305,0.9074,159016,1
3.2835,9.0078,0.2765,159515,1
2.0877,9.1072,0.3304,160014,1
-2.4061,9.0305,1.209,160513,1
-1.7597,9.3669,0.5961,161014,1
-1.1647,9.8828,0.5674,161515,1
-1.2066,9.6853,0.8032,162016,1
-1.4664,12.9533,0.2574,162513,1
-0.3675,5.024,1.622,163014,1
2.8334,9.1227,0.9193,163514,1
2.0063,8.5685,0.7446,164015,1
-1.4197,9.5824,2.4839,164514,1
-1.9153,9.9463,0.7434,165014,1
-1.7333,9.9942,0.3412,165514,1
-1.2689,9.7176,0.249,166014,1
-2.1104,11.5587,0.395,166514,1
-1.8016,9.0281,1.5071,167016,1
5.4945,6.9836,-0.0515,167514,1
2.5713,9.4387,1.3587,168015,1
-2.1643,9.7823,1.7178,168514,1
-1.9943,9.8649,0.9529,169015,1
-0.1676,9.5704,0.3232,169515,1
-0.4812,9.6386,0.4381,170015,1
-0.5459,11.3157,0.0347,170514,1
-3.3158,7.7258,0.6811,171014,1
2.8143,9.3035,0.322,171515,1
2.6467,9.0593,0.5626,172016,1
-0.492,9.3813,1.3371,172514,1
-1.5226,10.0468,1.3168,173014,1
-1.0486,9.0593,0.6476,173515,1
-0.7948,9.6386,0.1568,174015,1
-0.7338,9.2855,0.3843,174514,1
-4.4315,8.8785,-0.182,175015,1
3.2165,9.2676,0.5997,175514,1
2.7101,9.3502,0.3292,176014,1
-0.3208,8.0968,1.4855,176515,1
-2.0912,10.6238,1.3622,177014,1
-2.6826,9.3226,0.4489,177514,1
-1.0031,9.7967,-0.3005,178014,1
-1.3311,11.1996,-0.6285,178514,1
-0.4824,3.9562,0.0419,179015,1
2.6275,9.167,0.3017,179515,1
-2.2181,9.7452,1.695,180014,1
-3.3015,10.4455,0.5686,180514,1
-2.2852,9.9415,0.6033,181014,1
-1.2509,9.6889,-0.1568,181514,1
-2.7436,13.0239,0.4752,182014,1
0.8212,8.6882,2.6539,182513,1
2.8693,9.3238,0.972,183015,1
1.075,9.5704,2.2289,183514,1
-2.7604,11.2966,0.9612,184014,1
-2.4037,9.6722,0.1161,184514,1
-0.8248,9.8302,0.0934,185014,1
-2.6407,12.2961,-0.3783,185515,1
2.2816,9.556,1.069,186015,1
3.0034,8.8223,0.6273,186515,1
-0.6404,8.4823,2.0051,187015,1
-1.0989,9.8541,-0.1389,187514,1
-0.8966,10.5747,0.5566,188015,1
-0.1281,4.9749,0.7553,188515,1
3.0908,8.9132,0.3052,189015,1
-2.3187,10.2084,1.4532,189514,1
-3.238,9.659,0.2622,190014,1
-1.2761,9.8613,0.2957,190515,1
-1.5011,6.4461,1.0211,191015,1
2.9531,8.8258,0.9373,191514,1
3.3601,9.088,0.8092,192014,1
-4.3393,11.1517,1.2725,192514,1
-2.776,10.6202,0.2657,193016,1
-1.3084,9.7607,0.1604,193515,1
-2.2145,6.0978,1.1755,194015,1
3.092,9.0784,0.9145,194514,1
2.4085,8.4117,1.2162,195014,1
-1.9656,9.2963,2.0769,195516,1
-1.1456,10.4383,0.4465,196015,1
-1.075,9.6039,0.3843,196515,1
-0.632,9.647,-0.1664,197014,1
-0.3807,9.6793,-0.2023,197514,1
-0.565,10.3748,0.8319,198015,1
0.0934,9.8661,0.4561,198515,1
-0.1089,9.015,2.4575,199015,1
2.2528,9.2903,1.6747,199514,1
1.2545,9.3669,1.5466,200015,1
-2.0242,9.2903,2.0577,200514,1
-3.2428,9.6219,1.4401,201015,1
-2.0948,9.7919,0.0203,201514,1
0.6356,9.7643,0.7194,202015,1
0.1808,9.9906,-0.0419,202514,1
-0.5746,11.0296,-0.158,203014,1
0.7446,7.4923,1.2377,203515,1
2.7197,9.2532,1.2677,204014,1
2.4528,9.2831,1.1923,204515,1
-1.2796,8.7444,2.6407,205014,1
-2.2935,9.0449,2.4863,205514,1
-0.6009,10.3581,0.2095,206015,1
-0.1377,9.6386,-0.1879,206516,1
-0.4118,9.8242,-0.2083,207015,1
-1.282,8.195,0.7458,207515,1
4.6398,7.1344,1.1935,208014,1
3.1123,9.3825,0.4788,208514,1
0.0132,7.2888,1.5143,209014,1
-2.7795,9.574,0.9313,209514,1
-1.1635,10.5257,1.2413,210014,1
-0.9936,10.2635,0.2741,210514,1
-0.9289,8.3734,1.2198,211014,1
2.0805,9.4579,1.0031,211515,1
2.7424,9.3083,1.0115,212016,1
2.5449,9.4866,1.1276,212514,1
1.1839,8.371,1.318,213014,1
-2.114,9.9499,1.2449,213515,1
-1.5143,10.5041,0.1185,214014,1
-1.6412,9.6913,0.4309,214515,1
-2.017,11.6964,0.1963,215014,1
-0.2622,8.8965,1.3467,215515,1
0.4573,9.0748,3.2715,216014,1
1.6878,9.155,2.8921,216515,1
0.2945,8.6116,3.2117,217016,1
-3.3063,9.0389,4.0831,217514,1
-3.809,9.3466,0.5818,218014,1
-1.7944,10.2384,0.7936,218515,1
-2.1499,9.9702,0.0084,219015,1
-1.3503,8.5086,0.6093,219514,1
1.1587,9.0138,2.509,220014,1
2.0661,9.1072,1.8782,220515,1
1.5957,8.6104,2.4492,221015,1
-2.1798,7.5713,1.4125,221515,1
-1.8614,9.6985,1.0247,222014,1
-0.8164,10.2168,-0.2502,222514,1
-0.7254,11.1936,-2.1152,223015,1
-1.0714,9.8996,0.9361,223514,1
2.0278,7.4445,1.282,224015,1
2.4911,9.313,1.1911,224515,1
2.1583,9.2819,1.4843,225014,1
0.5494,8.9144,1.5921,225514,1
-1.385,9.4363,1.6005,226014,1
-2.3354,9.2484,0.6392,226513,1
-0.7817,9.4615,-0.5566,227014,1
-0.905,9.5836,-0.7889,227514,1
-1.0953,10.771,0.1257,228014,1
-1.4269,8.6415,1.78,228515,1
2.8155,9.3514,1.5921,229017,1
2.7712,9.149,1.3742,229515,1
2.0182,9.27,1.2904,230014,1
-1.215,9.1179,2.697,230515,1
-3.7719,8.8151,0.9552,231015,1
-0.6811,10.54,-0.152,231514,1
-0.9636,9.7643,-0.1089,232014,1
-1.7537,12.4002,-0.0754,232515,1
-1.4017,8.4308,1.0678,233014,1
2.1164,8.5781,3.177,233513,1
2.5617,9.07,2.4216,234015,1
2.2588,9.021,2.4121,234517,1
-1.0426,9.4902,3.4978,235015,1
-3.1207,9.5345,1.4185,235514,1
-1.0833,9.9391,-0.158,236015,1
-0.8583,9.7727,-0.097,236516,1
-1.5849,10.6011,-0.3184,237015,1
-2.4013,9.3861,0.1903,237515,1
3.487,6.986,1.2258,238014,1
2.2289,9.513,1.282,238515,1
2.1619,9.3825,1.464,239015,1
1.1037,9.5776,1.1923,239514,1
-0.1484,8.4093,1.4305,240013,1
-1.0235,10.5173,0.6021,240514,1
-0.8487,9.6758,1.0067,241016,1
-0.073,9.7943,0.0419,241514,1
-0.8882,10.8501,0.7326,242014,1
-1.9272,9.6769,1.2162,242514,1
0.7302,8.3542,1.8578,243015,1
2.3594,9.1455,1.6842,243514,1
1.6519,8.6535,1.3311,244013,1
-1.7226,9.8266,2.0841,244515,1
-0.6632,9.8649,0.6273,245014,1
-0.8379,9.6566,0.0323,245515,1
-0.2921,9.5608,0.0946,246014,1
-1.5047,10.4323,0.0048,246513,1
-1.7238,9.4555,0.7757,247013,1
2.7484,8.8594,1.4604,247515,1
2.3941,9.3813,1.075,248014,1
1.8279,9.0162,1.057,248514,1
-1.9129,10.4227,2.1044,249013,1
-3.6103,9.5979,1.2761,249515,1
-0.826,11.8963,1.0821,250015,1
-0.4513,9.6877,0.4752,250515,1
-0.4154,9.7212,0.4872,251014,1
-1.4688,10.382,0.2215,251514,1
-1.5514,10.042,0.9169,252015,1
2.4887,9.3777,1.8195,252514,1
2.3606,9.4387,0.796,253013,1
1.0654,6.7968,0.8774,253514,1
-2.2528,11.0452,1.9141,254016,1
-2.6371,17.4901,-1.1863,254514,1
3.2249,8.5589,1.0546,255015,1
-3.0764,10.1629,1.4784,255513,1
-1.2042,13.4979,-1.3587,256014,1
0.2729,4.1023,-0.0886,256514,1
0.4214,5.0743,1.2425,257016,1
-0.2705,10.6418,0.1736,257515,1
-0.34,13.614,-0.8667,258014,1
1.9009,6.6831,-0.6811,258513,1
0.1628,9.5477,1.4077,259014,1
0.3316,11.4653,0.0371,259516,1
-0.96,7.472,0.0048,260015,1
3.6474,8.5469,0.2454,260515,1
-2.4611,10.3281,-0.164,261014,1
-2.7365,14.5394,-0.8188,261515,1
0.4657,6.3887,-0.0479,262014,1
0.0443,6.5407,0.8822,262515,1
-1.798,10.3138,0.6763,263015,1
-2.7137,10.461,0.5351,263513,1
0.3531,8.4584,1.95,264016,1
0.0682,7.2661,0.8475,264514,1
-1.5633,11.1972,1.2018,265015,1
-4.6661,13.3399,0.7553,265514,1
1.9105,6.7274,0.9768,266014,1
-1.1432,9.4184,0.9648,266515,1
-3.8389,10.3449,-0.565,267014,1
-3.4846,11.0978,0.5638,267514,1
0.9576,6.8076,0.3819,268014,1
-1.5981,9.6674,0.4082,268515,1
-2.175,10.9386,-0.2035,269015,1
-2.9076,14.4915,0.1245,269515,1
-1.6005,9.0198,1.5993,270014,1
0.492,6.9824,1.1216,270514,1
-2.2864,9.9511,1.2473,271015,1
-2.7053,12.9688,-0.1843,271515,1
-0.1413,7.5079,-0.4297,272016,1
-0.4776,11.4474,-0.1975,272515,1
-2.7077,14.2006,1.5621,273015,1
-0.1616,5.7542,0.2442,273514,1
-1.7477,7.5187,1.3299,274015,1
-1.7501,9.0653,0.1305,274514,1
-2.29,9.5884,0.9804,275015,1
3.1614,8.3518,1.2665,275515,1
-1.1384,10.0085,2.424,276014,1
-2.2672,10.8513,1.3215,276514,1
-0.8667,10.0109,1.1384,277014,1
2.1655,7.6025,1.312,277515,1
-4.2591,9.8362,1.6531,278013,1
-3.6259,13.2825,-1.3359,278514,1
-1.2581,8.4548,2.3714,279014,1
2.594,7.7724,1.6914,279514,1
-2.43,10.3796,0.638,280014,1
-2.8382,14.1,-2.5102,280514,1
-2.2612,7.6958,2.5377,281014,1
0.8547,8.2776,1.1899,281514,1
-2.4839,11.6054,0.8786,282014,1
-2.9962,10.309,-0.0886,282515,1
-1.1288,8.8043,2.5641,283014,1
2.1104,8.5553,0.656,283514,1
-4.5272,10.1833,2.5078,284015,1
-1.1767,14.3993,-0.0407,284515,1
-3.9072,9.343,0.7565,285015,1
2.7544,8.8103,0.7134,285514,1
-3.4032,11.8113,0.261,286014,1
-1.956,11.0093,-1.1683,286514,1
-3.6749,9.167,0.8355,287014,1
1.0534,8.3303,1.9979,287514,1
-2.9064,8.4715,1.5789,288015,1
-1.0917,12.4074,0.3459,288515,1
-1.792,8.5398,0.6955,289015,1
3.1231,7.9508,1.9907,289513,1
-4.0412,9.3334,2.6072,290013,1
-4.0676,10.5316,0.7924,290514,1
-2.0541,11.4629,0.4082,291014,1
-0.3723,5.1713,1.2234,291514,1
3.183,7.4624,0.881,292015,1
-2.3654,12.1441,0.7625,292514,1
-1.6028,9.2328,0.9433,293014,1
-2.3079,9.0688,1.5071,293513,1
2.9064,9.3514,0.6811,294014,1
-1.798,9.7009,2.4264,294514,1
-3.4882,9.6374,-0.1185,295015,1
-1.282,13.0311,-2.3247,295515,1
-1.1192,5.3843,1.4424,296014,1
-1.5801,8.7002,1.6184,296514,1
-0.2286,12.1931,-0.3543,297015,1
-1.1671,11.4079,-0.0311,297515,1
1.5406,7.1572,0.9241,298015,1
-2.4456,7.958,1.9464,298514,1
-3.8892,9.1263,-0.4692,299014,1
-1.3168,10.4107,-1.0714,299514,1
0.9229,8.1615,2.0266,300014,1
-0.7278,5.8727,2.3007,300516,1
-3.712,10.5831,0.8128,301014,1
3.2644,6.3515,0.4992,301515,1
0.7577,8.5278,1.5789,302014,1
-2.5581,10.3234,0.5004,302514,1
-2.8825,12.4397,-1.0857,303016,1
-1.8494,9.106,1.3311,303514,1
1.1863,8.6475,1.1252,304015,1
-2.029,9.7715,1.1743,304514,1
-2.3055,10.777,0.5913,305013,1
-3.0597,9.4435,1.0007,305515,1
1.0438,8.7073,0.8188,306014,1
-0.3663,7.8706,1.8243,306515,1
-0.6883,10.4287,0.0251,307015,1
-1.3491,10.2036,0.4261,307514,1
0.9193,8.1435,0.4154,308014,1
-1.8004,9.7931,0.9529,308515,1
-2.849,9.7272,0.5913,309013,1
-2.6132,9.0808,0.5806,309514,1
-0.1281,8.3303,1.2533,310014,1
-3.4523,8.7828,1.4592,310514,1
-2.9304,11.2247,0.0658,311015,1
0.2634,11.1385,-1.0977,311514,1
-1.713,8.9192,0.7398,312015,1
2.2481,9.6494,1.3587,312514,1
-2.3953,9.2652,0.8463,313014,1
-1.2964,9.513,-0.6907,313514,1
-1.306,8.3303,0.2753,314015,1
0.7218,8.0346,1.4532,314516,1
-1.5993,9.7224,0.9493,315014,1
-2.8095,14.288,-0.1053,315514,1
-2.8514,8.3386,-0.1233,316014,1
-3.2919,10.0037,1.1168,316515,1
2.673,9.0186,0.8691,317015,1
-4.0724,8.2285,2.6718,317514,1
-1.0738,11.5108,0.3483,318014,1
-1.2856,7.284,0.6308,318514,1
2.1044,7.7856,1.5203,319014,1
-1.0977,7.8514,2.7664,319514,1
-1.5657,9.7727,0.5399,320015,1
-0.9588,12.7605,-1.2545,320514,1
-1.9919,7.6515,0.9074,321015,1
2.849,9.3023,1.5191,321515,1
-2.2385,7.7557,1.1049,322013,1
-1.9763,10.8129,-0.9026,322514,1
-2.2241,9.8852,0.577,323016,1
-0.4405,9.4782,0.4645,323513,1
1.1528,7.7964,0.7182,324015,1
-2.3881,10.2791,0.7099,324514,1
-1.8363,9.0293,1.0833,325015,1
-3.0836,8.1244,0.7434,325514,1
1.956,8.9731,0.9086,326014,1
0.0359,8.0178,0.8008,326515,1
-3.9658,8.7385,0.7051,327014,1
-1.4389,9.8026,-0.3471,327514,1
-0.7146,13.6978,-0.2849,328015,1
-0.4166,7.6432,0.9229,328514,1
3.42,8.2788,-0.5315,329015,1
-2.3402,8.8725,1.075,329514,1
-2.8837,10.4658,-0.9588,330014,1
-1.6304,12.2398,-0.9457,330514,1
-1.0426,8.1974,0.9576,331014,1
2.7185,8.9228,-0.3208,331515,1
-2.1511,9.8517,1.0726,332014,1
-2.1032,10.1761,-0.6584,332514,1
-0.9888,9.7236,-0.7769,333014,1
-1.689,11.269,-0.8152,333515,1
-1.1707,6.6125,0.5674,334014,1
2.2768,7.7413,-0.2143,334515,1
-3.469,10.5017,1.1085,335014,1
-2.2672,9.6961,0.2023,335515,1
-1.5454,10.1055,-0.3591,336015,1
-2.9447,8.2034,0.1233,336515,1
2.2756,10.3976,-1.0354,337014,1
-0.2909,8.0825,-0.091,337514,1
-0.5662,10.3772,-1.0366,338015,1
-0.5435,9.9463,-0.7326,338514,1
0.4082,12.7055,-2.0254,339014,1
5.9505,5.1102,-0.5315,339514,1
1.9093,6.7693,0.4405,340014,1
-2.9412,10.6956,-0.6584,340513,1
-1.0271,10.1414,-0.334,341014,1
-1.2138,12.4685,-1.2461,341514,1
0.322,5.3963,0.1616,342014,1
3.39,8.772,0.5064,342514,1
-1.6005,10.5328,-0.1436,343013,1
-1.5633,10.1115,-0.474,343513,1
-0.9457,11.0308,-0.9995,344014,1
-1.2354,9.8733,0.5052,344514,1
2.7484,9.6734,0.5339,345014,1
-0.4836,9.1479,1.1121,345514,1
-1.95,10.8536,-0.2729,346014,1
-1.0199,9.7811,-1.0797,346514,1
-0.468,9.7512,-0.6751,347013,1
-0.4214,9.8374,-1.039,347514,1
-2.0924,11.8711,-1.0319,348014,1
1.871,9.2173,0.8319,348515,1
-0.407,8.4859,0.7721,349014,1
-2.8801,10.2958,-0.4034,349515,1
-0.0575,9.6075,-1.9045,350014,1
-0.4046,9.8062,-1.1719,350515,1
-0.8607,9.1742,0.5758,351015,1
3.6797,8.4332,1.3132,351518,1
2.7197,9.0413,1.1288,352014,1
-1.1851,9.8146,1.0498,352515,1
-1.3778,9.738,-0.1724,353014,1
-2.1679,8.3841,0.1257,353515,1
1.039,8.2321,0.4345,354014,1
3.2093,8.4153,0.3364,354515,1
-2.7532,9.5932,1.5143,355014,1
-0.7948,10.5544,-0.6668,355514,1
-1.3694,9.6446,-0.7673,356013,1
-2.4958,9.5752,0.7793,356514,1
4.9271,8.3793,0.3196,357014,1
3.3745,7.5905,0.2969,357514,1
-2.3283,10.7974,0.6931,358014,1
-2.0649,9.3023,0.2933,358515,1
-1.0642,10.0636,-0.3687,359015,1
-0.4776,9.6973,-1.1923,359514,1
-2.0422,9.2185,-1.6627,360014,1
2.6981,8.1567,0.8308,360515,1
2.1798,9.0868,0.6368,361014,1
-2.4958,9.6362,1.0283,361514,1
-2.2648,9.9116,-0.3304,362014,1
-0.7601,10.5783,-0.8463,362515,1
-0.1891,9.7691,-1.6244,363015,1
-1.2773,9.1431,-1.0151,363514,1
-0.1413,9.6937,0.8068,364014,1
1.9452,9.4316,0.559,364514,1
-0.3172,8.1675,0.9744,365015,1
-1.0271,9.9092,-0.4657,365515,1
-0.6368,9.8194,-0.5937,366014,1
0.6656,9.9427,-1.367,366514,1
-0.9133,13.5602,-1.9153,367014,1
1.0594,9.4004,1.1168,367514,1
3.1159,9.0258,-0.3052,368013,1
-0.5638,8.5386,0.4273,368514,1
-1.5921,9.568,-1.3383,369014,1
-0.9409,12.4852,-2.0003,369515,1
-1.9823,11.6293,-0.6692,370015,1
-1.1097,10.5628,-0.0634,370514,1
4.4123,9.2017,0.2933,371014,1
2.0482,9.0246,0.3412,371514,1
-2.3546,9.3561,0.0467,372015,1
-1.0259,10.382,-0.4836,372515,1
-0.0718,9.6123,-0.8918,373014,1
-0.1436,9.6662,-1.0953,373514,1
-1.0929,9.6758,-0.9062,374014,1
-0.559,8.5864,1.0019,374514,1
3.5959,8.857,-0.4788,375014,1
1.5693,7.9819,0.7901,375514,1
-1.3802,9.3502,1.3778,376014,1
-1.7285,9.9583,-1.4424,376515,1
-0.2909,9.4974,-1.7944,377014,1
-0.5207,9.7428,-1.5897,377515,1
-1.61,14.9966,-1.4616,378014,1
-0.1867,9.6578,-0.2191,378514,1
2.7628,8.9958,0.5937,379014,1
0.5435,8.1938,0.492,379515,1
-0.5901,10.2815,0.3184,380015,1
-0.2634,9.8888,-1.7214,380514,1
-1.0127,9.8661,-0.2274,515,1
0.9026,11.214,-0.881,1015,1
-1.7477,10.2922,-0.0263,1515,1
0.5698,9.5644,1.5825,2015,1
1.9919,9.9164,1.5107,2515,1
2.9136,8.8941,2.3414,3014,1
1.4317,7.7976,2.5138,3515,1
2.3869,10.1677,2.6622,4015,1
1.707,11.4007,2.9328,4515,1
2.1403,7.381,2.1499,5014,1
3.5864,8.8845,2.1762,5514,1
0.5315,7.5582,1.5873,6015,1
-0.419,9.5525,2.6862,6515,1
0.0431,11.2978,4.8935,7014,1
0.4429,8.8486,1.956,7514,1
2.6694,8.5014,1.6854,8015,1
2.3199,8.025,1.537,8515,1
0.9552,11.4007,3.4619,9015,1
1.4676,9.9188,2.2217,9515,1
1.7022,12.9688,4.2998,10016,1
0.2131,7.5941,2.011,10515,1
5.346,8.6547,0.9193,11014,1
1.3359,8.7816,1.4317,11516,1
-1.4556,9.6027,2.7867,12015,1
4.0843,13.486,4.2304,12517,1
0.4381,8.8917,1.9703,13014,1
2.4492,9.2101,1.719,13515,1
4.2376,9.0425,1.0366,14015,1
2.1451,8.6834,1.5442,14514,1
-0.1628,9.5022,2.5449,15015,1
-0.2921,9.1215,3.0142,15514,1
1.2713,9.5381,1.9823,16016,1
1.5011,8.5852,1.8267,16515,1
0.3759,9.6171,1.7238,17014,1
1.9225,8.9276,0.5195,17518,1
4.1298,8.9276,0.6368,18015,1
2.2481,9.2891,1.3072,18516,1
0.4549,9.6003,2.3031,19014,1
0.3017,9.8397,2.4276,19515,1
0.1939,9.6315,2.8729,20016,1
2.3079,9.1359,2.6934,20515,1
1.8482,9.6841,2.916,21016,1
0.7757,9.1933,1.3383,21515,1
3.6797,8.7504,0.328,22015,1
4.6422,9.2604,0.2586,22514,1
3.347,8.9324,0.4764,23015,1
1.7788,8.6164,1.853,23515,1
1.5897,9.4926,2.5593,24015,1
2.3965,13.0981,3.5265,24515,1
1.446,6.7298,0.2681,25014,1
2.7963,9.1814,0.9936,25515,1
3.0764,8.6235,1.1372,26015,1
0.1915,9.6458,2.0709,26515,1
0.6105,9.7464,4.2088,27015,1
4.295,13.2753,3.177,27515,1
1.1468,8.7504,1.9392,28015,1
3.0477,8.3458,1.063,28514,1
4.1538,8.9683,1.2808,29015,1
2.4635,8.7361,0.9457,29515,1
0.2777,8.3985,2.0086,30014,1
0.6273,9.7224,2.3175,30514,1
1.4077,9.6482,1.8339,31015,1
0.9672,12.3751,3.5552,31515,1
2.1403,8.2668,-0.1245,32015,1
4.4961,8.5062,0.3759,32514,1
2.7795,8.7768,1.3383,33015,1
0.577,9.021,2.272,33516,1
0.0694,9.2484,2.3558,34015,1
1.7716,9.428,2.0015,34515,1
1.6208,12.8898,2.0757,35015,1
1.5993,4.8816,0.4621,35515,1
4.4961,8.2549,0.8499,36015,1
3.3924,9.0018,1.5179,36514,1
0.5339,9.5596,2.1116,37014,1
0.6991,9.4088,1.5226,37515,1
1.3982,10.1342,1.7549,38015,1
1.2018,9.4351,1.3144,38516,1
-0.1365,9.9259,1.1659,39015,1
2.3702,8.8582,0.6249,39514,1
3.4307,9.2053,1.118,40015,1
3.821,9.1622,0.2825,40515,1
-0.4118,9.562,1.7716,41015,1
1.4604,10.0935,2.3366,41515,1
0.4836,7.6108,1.1923,42015,1
0.8738,10.7327,1.4796,42515,1
3.3685,9.9523,1.4891,43014,1
4.6733,9.2221,0.4573,43515,1
1.6759,8.5781,1.6783,44015,1
-0.225,9.4543,1.7118,44515,1
0.5435,10.0959,2.2241,45016,1
0.3902,16.1602,3.7683,45514,1
0.0479,8.9228,1.8291,46014,1
0.8164,9.0712,1.3622,46515,1
0.5435,9.0281,1.3431,47016,1
6.3492,9.2412,0.5339,47515,1
2.2959,8.5182,0.5147,48016,1
-0.4046,8.2189,2.09,48514,1
1.5418,10.4598,1.0175,49015,1
3.1913,11.6904,1.1396,49515,1
-0.012,9.1119,1.2689,50014,1
0.7733,9.823,1.2234,50515,1
2.6287,10.5915,0.747,51015,1
4.623,8.827,0.0407,51515,1
3.0597,8.827,0.4381,52015,1
3.9646,8.997,0.6584,52515,1
2.5234,9.1239,1.0941,53015,1
0.7182,9.5812,2.0134,53514,1
-0.4525,9.6698,2.4061,54014,1
-0.012,9.8014,2.1212,54515,1
1.6639,9.7153,1.616,55015,1
2.0278,9.2747,1.9488,55514,1
0.237,10.3976,1.0869,56014,1
1.5226,8.1782,1.1923,56515,1
3.4714,8.9635,0.7589,57016,1
3.9646,8.9348,0.3376,57514,1
2.8466,8.9348,0.4956,58014,1
3.086,9.0473,0.8355,58515,1
2.4731,9.2125,0.7996,59015,1
0.9098,9.6099,2.0924,59515,1
0.5602,8.997,2.1786,60015,1
0.4357,9.1191,2.521,60514,1
1.6878,8.6642,2.6527,61015,1
0.8475,7.958,1.6376,61515,1
-0.4309,9.9954,1.2162,62015,1
5.2407,5.7865,-1.1587,62515,1
4.7858,9.0425,1.1324,63015,1
3.0357,9.3059,0.6967,63514,1
0.7853,9.6458,1.604,64014,1
0.5482,9.2125,2.4228,64514,1
-0.1053,9.0401,2.7628,65014,1
-0.1436,9.5572,2.9854,65515,1
0.7254,9.1359,2.6622,66016,1
2.0015,13.2442,4.1585,66514,1
1.4604,8.7097,1.6088,67015,1
4.0029,9.0258,1.9584,67515,1
4.295,9.1407,1.1875,68016,1
1.8195,9.5788,1.6807,68514,1
0.9385,9.2484,2.5018,69014,1
0.1077,9.4304,2.7317,69516,1
0.6129,9.4687,2.4659,70015,1
-1.5394,17.0819,4.9079,70515,1
-0.6057,9.6243,1.9201,71016,1
1.5466,10.7926,1.6232,71514,1
3.2656,7.6491,0.7733,72015,1
2.3366,8.9922,0.723,72515,1
3.2272,9.6195,1.2282,73016,1
1.1803,8.9108,1.865,73514,1
-0.5363,9.349,2.4156,74014,1
-0.4956,9.3442,2.904,74514,1
0.3639,9.0521,3.2727,75015,1
1.8794,9.1311,3.2272,75514,1
0.4501,8.4943,2.5761,76015,1
1.0414,9.3466,1.6495,76514,1
3.9527,9.258,0.2873,77015,1
2.7628,8.456,0.5219,77515,1
2.0039,9.1718,1.4772,78016,1
2.3175,9.2963,1.7549,78514,1
0.9145,9.0042,1.707,79015,1
0.1484,9.1048,2.0924,79515,1
0.5387,9.3681,1.8554,80016,1
1.0103,8.2189,1.7238,80514,1
-0.1843,9.6123,1.7214,81015,1
0.5866,9.811,0.5315,81514,1
4.4267,8.1878,1.1013,82015,1
5.2215,8.7145,0.4501,82514,1
4.3477,9.3466,0.4261,83015,1
4.4267,8.5685,0.6536,83515,1
2.9783,9.4615,1.312,84015,1
0.9576,9.6291,2.1523,84516,1
-0.2107,8.9132,2.6383,85015,1
1.4245,9.4232,2.1978,85515,1
0.2179,11.2594,1.6783,86014,1
2.7341,8.5613,0.8355,86514,1
5.3125,9.4902,0.2083,87015,1
2.5641,9.6003,1.4245,87514,1
1.6064,9.3633,1.7453,88014,1
-0.1987,9.4256,2.691,88515,1
-0.9169,8.8414,2.7101,89015,1
0.2777,9.3777,1.8913,89515,1
0.0694,10.0217,1.4005,90014,1
1.7022,8.8653,1.7022,90514,1
0.6991,12.6768,1.4748,91014,1
3.6965,7.5007,1.4843,91516,1
4.8337,8.6547,0.146,92015,1
2.9807,8.9132,0.5506,92515,1
3.1219,9.3537,0.9002,93015,1
1.1444,9.2867,1.4939,93515,1
0.3495,8.9827,2.0134,94015,1
0.553,9.0736,2.1595,94514,1
0.1772,10.1079,2.181,95015,1
1.2928,9.6793,1.5897,95515,1
1.3503,8.7911,1.3359,96015,1
2.0589,6.1265,0.9145,96516,1
4.2998,9.1886,1.1827,97015,1
3.6199,9.2412,0.9648,97514,1
2.7508,9.0617,0.9552,98015,1
1.5083,8.9276,1.4604,98516,1
0.2681,9.5381,2.2672,99015,1
-0.3352,9.7081,2.2792,99516,1
1.7788,9.258,1.9129,100014,1
1.64,8.8175,0.9912,100515,1
-0.0527,9.2891,1.6519,101015,1
1.6543,9.2987,1.537,101515,1
4.307,9.4519,0.6632,102015,1
2.3941,8.0729,0.3328,102514,1
-2.3438,10.3593,3.0788,103016,1
2.0733,9.8206,2.6072,103515,1
3.3134,9.0712,1.2234,104015,1
0.9169,8.5757,1.7429,104514,1
-0.1173,9.1215,2.2169,105014,1
0.4142,9.6219,1.5657,105515,1
0.8786,9.653,1.1324,106016,1
3.0501,8.4584,0.8906,106516,1
4.1705,8.693,1.4077,107015,1
0.7781,7.5079,1.7214,107515,1
1.0917,12.0782,1.8626,108014,1
1.695,8.9252,1.0247,108515,1
0.7757,9.586,1.5873,109015,1
-0.0287,9.756,1.0797,109515,1
0.5866,8.9539,1.0414,110014,1
0.2586,10.6274,2.09,110515,1
0.7565,10.2108,0.9409,111016,1
4.4674,10.3545,0.5985,111515,1
3.4595,8.4799,0.9385,112015,1
4.2064,9.1694,0.4788,112514,1
1.7309,8.7576,1.9344,113015,1
1.1444,10.2036,2.1619,113515,1
2.4827,10.1366,2.4492,114014,1
0.2274,8.207,2.0326,114515,1
0.4716,9.7583,1.8387,115015,1
0.0072,9.9188,1.4077,115516,1
4.9486,9.3514,1.719,116014,1
2.9759,8.7097,0.7613,116515,1
0.8858,7.4935,1.4796,117015,1
0.8523,10.2563,1.6711,117514,1
0.7302,9.4519,2.0254,118016,1
0.3304,11.7646,1.7238,118516,1
0.237,9.9259,1.6208,119015,1
-0.4381,9.7775,2.2864,119515,1
-0.158,10.1821,1.5155,120016,1
1.4005,10.6059,1.0726,120515,1
3.6486,8.1974,0.3735,121014,1
3.6486,8.7361,0.9217,121515,1
1.3431,9.179,1.9153,122016,1
0.7134,10.8812,2.3342,122514,1
2.8226,8.8079,1.9272,123015,1
0.7901,8.8246,2.5234,123514,1
0.5123,9.2532,2.1164,124015,1
-0.2083,9.3083,1.8435,124516,1
-0.1963,10.388,1.6663,125015,1
0.7206,9.2939,1.5993,125514,1
-1.3455,5.3053,1.5993,126016,1
3.1602,8.4847,1.6663,126515,1
1.9656,8.353,3.8425,127014,1
2.1499,10.06,2.0661,127515,1
-0.5435,11.5635,2.8322,128015,1
0.8643,9.586,1.6878,128514,1
1.1587,9.349,1.8387,129014,1
1.7716,11.0368,3.0812,129515,1
0.4716,9.1838,1.6471,130016,1
-0.5602,9.2987,2.0374,130515,1
0.7158,9.914,1.1228,131015,1
1.3622,10.7758,1.9272,131514,1
3.1746,8.7744,0.4022,132016,1
1.2306,9.4782,2.5784,132515,1
-0.407,9.1886,1.9488,133016,1
0.8236,10.1797,2.2026,133516,1
0.9983,9.1239,2.5832,134015,1
1.4796,10.9841,3.3661,134515,1
-0.6416,9.0258,2.3007,135016,1
-0.0646,9.9307,2.2121,135515,1
1.4819,9.507,1.2138,136015,1
3.4643,8.6235,1.221,136515,1
3.1746,9.9666,1.1037,137015,1
-0.5722,10.3066,3.3757,137515,1
-0.2777,9.1718,2.5593,138015,1
1.458,9.5141,2.2121,138515,1
0.3902,8.8725,2.2193,139015,1
-0.1676,9.5094,1.6807,139515,1
0.395,9.349,1.6878,140017,1
0.5028,9.5501,1.695,140515,1
3.8425,8.0442,0.9864,141015,1
4.0676,8.4392,-0.2346,141516,1
0.0694,8.9228,2.2624,142016,1
-0.3376,9.0497,1.4772,142514,1
1.0343,9.5812,2.0422,143014,1
2.4899,11.6281,2.1691,143514,1
1.537,9.3992,1.8123,144014,1
0.4405,9.5716,1.8315,144515,1
-0.1293,10.1653,1.1109,145016,1
0.1939,10.0504,1.0821,145515,1
4.465,7.1488,-0.9169,146015,1
1.1923,8.3698,1.0606,146514,1
0.0958,10.2994,3.1171,147015,1
0.1341,9.6027,1.8195,147515,1
2.0661,7.9005,0.8475,148015,1
0.6799,9.4016,1.5466,148515,1
0.2418,9.3729,1.877,149015,1
-0.3256,9.1455,1.9129,149515,1
0.7685,10.1462,1.5897,150015,1
1.2569,8.9803,0.9241,150515,1
1.4005,8.3147,0.4836,151016,1
1.5921,10.3042,2.2074,151515,1
-0.3711,8.5972,2.8442,152014,1
-0.1652,9.0162,2.9232,152515,1
1.446,10.0049,2.1762,153015,1
1.3551,9.076,1.774,153515,1
-0.3208,11.0655,2.4803,154014,1
-0.4453,9.337,2.1236,154516,1
-1.1013,8.9108,2.1738,155016,1
0.0168,10.3569,0.6368,155514,1
2.5042,6.962,0.3352,156014,1
2.43,8.456,1.6088,156514,1
0.6847,10.3928,2.6598,157016,1
0.2011,10.7064,2.8418,157515,1
0.6871,9.9211,1.4796,158014,1
0.6488,9.4974,1.7261,158514,1
1.2425,9.4591,1.8435,159014,1
2.6096,11.5276,1.5897,159514,1
-0.3831,9.076,2.126,160014,1
-1.4077,9.7153,1.9129,160514,1
-0.0599,9.9475,1.2473,161014,1
4.2304,6.5407,0.4477,161515,1
2.126,8.6547,1.1683,162015,1
-0.7637,8.9922,2.3726,162514,1
-0.8379,9.4184,2.5808,163014,1
1.0271,9.7033,2.126,163514,1
2.3654,9.5692,2.3438,164014,1
0.2538,6.7178,0.826,164516,1
2.2672,6.8256,0.3328,165015,1
2.2098,8.3051,2.0733,165514,1
1.9727,9.6506,1.2808,166014,1
-1.5729,9.5094,2.5617,166515,1
-0.984,10.3904,2.5856,167015,1
0.5961,9.9523,2.1403,167516,1
1.2377,9.2771,2.0446,168015,1
1.9536,8.7552,1.9272,168514,1
0.6967,9.7751,1.379,169016,1
2.272,6.1887,0.9241,169515,1
3.5648,9.313,1.7261,170014,1
2.114,9.0665,1.5059,170514,1
0.3639,8.4871,2.612,171015,1
-1.2354,9.7248,2.7867,171514,1
0.5554,9.4734,2.0613,172015,1
0.5602,9.1909,2.3175,172515,1
1.3431,9.5381,2.2121,173014,1
2.5761,12.9425,2.5641,173515,1
2.0158,7.6994,1.7046,174014,1
2.679,9.1574,1.2856,174515,1
3.2009,9.0186,1.2569,175014,1
1.5035,8.9851,1.1444,175515,1
0.474,10.0504,2.7772,176016,1
-0.5602,9.799,1.9943,176515,1
-0.0455,9.6267,2.9064,177014,1
1.2186,9.6434,2.4875,177515,1
2.9064,9.483,1.2784,178014,1
0.7781,9.6458,1.1252,178515,1
-0.0096,10.0672,1.9799,179014,1
4.3716,8.7313,1.6495,179514,1
2.4851,9.3107,1.7788,180014,1
0.3208,9.3801,2.2098,180515,1
-0.2586,9.0497,2.2193,181014,1
-0.3136,9.4112,2.7005,181515,1
0.0646,9.1287,2.2409,182015,1
1.0319,9.2723,1.8889,182515,1
2.0326,14.0821,1.5346,183014,1
7.5582,9.5381,0.5746,183514,1
3.0525,9.0138,0.8164,184015,1
-1.2066,4.8552,2.023,184515,1
1.6831,9.8661,1.4197,185015,1
0.6201,8.8749,1.8482,185515,1
0.1556,8.827,0.4573,186014,1
0.7877,9.6769,1.7094,186514,1
2.5976,9.428,1.5562,187015,1
3.4451,7.7473,1.2617,187514,1
0.067,12.8084,2.8059,188015,1
-0.1389,9.8852,1.2737,188515,1
0.6488,8.7552,0.9959,189014,1
-0.1796,9.5046,2.8226,189515,1
0.1077,9.167,1.5466,190015,1
0.2155,10.0361,1.5897,190514,1
-0.0766,10.4287,1.3383,191015,1
3.4499,7.7665,1.0151,191514,1
-0.012,7.9747,1.5346,192014,1
0.1413,11.0224,1.3982,192515,1
1.7692,8.9922,2.1954,193014,1
0.316,9.7751,2.0565,193516,1
-0.4716,9.7224,1.4269,194015,1
-1.3096,10.704,1.7908,194514,1
2.284,10.5819,1.4508,195014,1
2.5617,8.9683,1.1085,195514,1
1.0917,10.3138,2.0613,196014,1
0.7446,9.6171,2.454,196514,1
2.2648,7.3259,2.3654,197014,1
0.3998,9.6075,2.0063,197515,1
0.0096,9.507,1.798,198014,1
-0.1484,10.1199,2.5713,198514,1
-0.0024,9.8876,1.932,199014,1
1.0534,10.8453,1.719,199514,1
5.2622,6.6197,0.7996,200014,1
2.3295,7.8622,1.6424,200514,1
-0.3591,11.0009,2.2959,201015,1
1.5059,10.4191,1.9536,201514,1
0.6775,8.2189,1.6136,202015,1
-0.2203,9.4711,2.8418,202515,1
-0.6632,9.2364,3.0166,203015,1
0.9361,9.6985,1.7836,203515,1
1.1755,8.365,1.9656,204014,1
2.3749,8.4991,1.2545,204514,1
-0.3136,8.7863,2.0326,205015,1
1.0247,9.1263,2.0948,205515,1
3.6941,10.4024,2.612,206014,1
0.5028,8.669,2.1092,206515,1
0.2825,8.7839,1.9249,207015,1
0.4142,9.2197,1.3263,207514,1
2.6359,9.3633,0.7589,208015,1
2.5449,8.7935,1.3455,208515,1
0.0527,9.8493,2.5617,209015,1
-0.6488,8.0873,2.5593,209515,1
4.149,11.1517,2.0063,210014,1
0.0192,9.2316,2.2624,210514,1
-0.4381,10.2779,2.7819,211014,1
0.0096,10.1821,1.5969,211515,1
-0.1053,10.479,3.0477,212014,1
1.2162,9.7775,1.5155,212514,1
0.2801,9.4639,2.3199,213014,1
-0.5099,9.2987,3.2536,213515,1
1.9392,11.3193,2.0589,214016,1
-0.4453,9.1502,2.0422,214515,1
0.0982,9.2652,2.2265,215017,1
-1.0151,9.6339,2.7556,215514,1
0.7589,9.8876,2.9615,216015,1
2.533,8.1088,1.7884,216514,1
-0.012,11.8484,3.8114,217015,1
1.8913,9.6913,2.6981,217516,1
3.019,9.5022,2.0757,218015,1
0.5028,8.5326,2.5784,218515,1
1.5657,10.3401,2.3773,219014,1
-0.1987,9.6291,3.4451,219514,1
1.8865,9.2963,2.454,220015,1
3.2823,8.4272,1.2042,220514,1
1.9392,7.8215,1.3958,221014,1
5.5926,8.0968,-6.0882,221514,1
0.9457,8.5517,1.7285,222014,1
-1.4412,9.7488,-0.3759,222516,1